initial_queue_waiting_time,algorithm,metric_type,sample_id,value
3,FOFF,energy_consumption,0,0.953076888611861
3,FOFF,energy_consumption,1,1.0078880639023124
3,FOFF,energy_consumption,2,1.7311149070389353
3,FOFF,energy_consumption,3,1.972779473601801
3,FOFF,energy_consumption,4,0.5189360149330451
3,FOFF,energy_consumption,5,31.911666899195666
3,FOFF,energy_consumption,6,0.9957549434920362
3,FOFF,energy_consumption,7,1.6552375276615976
3,FOFF,energy_consumption,8,2.0005669671849224
3,FOFF,energy_consumption,9,0.5525070156695263
3,FOFF,energy_consumption,10,29.549961446722058
3,FOFF,energy_consumption,11,1.075106506441395
3,FOFF,energy_consumption,12,1.5552833938667283
3,FOFF,energy_consumption,13,2.1691954740814436
3,FOFF,energy_consumption,14,0.5817349239001572
3,FOFF,energy_consumption,15,5.490469597237452
3,FOFF,energy_consumption,16,0.9333403157191034
3,FOFF,energy_consumption,17,1.5349115684735808
3,FOFF,energy_consumption,18,1.8812483443473138
3,FOFF,energy_consumption,19,12.957501677578284
3,FOFF,energy_consumption,20,16.1938512605543
3,FOFF,energy_consumption,21,0.9751290890608428
3,FOFF,energy_consumption,22,1.4886459105272947
3,FOFF,energy_consumption,23,1.9182911696953708
3,FOFF,energy_consumption,24,0.611468452347107
3,FOFF,energy_consumption,25,31.129338833463
3,FOFF,energy_consumption,26,1.0602355785742184
3,FOFF,energy_consumption,27,1.4389849634350635
3,FOFF,energy_consumption,28,2.024419957591852
3,FOFF,energy_consumption,29,0.6024976746901654
3,FOFF,energy_consumption,30,4.407200498769025
3,FOFF,energy_consumption,31,0.8652597796917957
3,FOFF,energy_consumption,32,1.353129552441215
3,FOFF,energy_consumption,33,1.9159239644577295
3,FOFF,energy_consumption,34,0.5804086018479875
3,FOFF,energy_consumption,35,0.8996298694470851
3,FOFF,energy_consumption,36,1.0282390575539988
3,FOFF,energy_consumption,37,1.6215396682490408
3,FOFF,energy_consumption,38,2.0749528627210747
3,FOFF,energy_consumption,39,0.5454202930345007
3,FOFF,energy_consumption,40,33.332689783548794
3,FOFF,energy_consumption,41,1.030247674626704
3,FOFF,energy_consumption,42,1.5913275008691197
3,FOFF,energy_consumption,43,1.846813749443917
3,FOFF,energy_consumption,44,0.5352788798331639
3,FOFF,energy_consumption,45,25.27280338396146
3,FOFF,energy_consumption,46,0.9091712158053225
3,FOFF,energy_consumption,47,1.538433594334885
3,FOFF,energy_consumption,48,1.9325789693487057
3,FOFF,energy_consumption,49,0.5993398725645188
3,FOFF,energy_consumption,50,26.73212616333773
3,FOFF,energy_consumption,51,0.9336706716414441
3,FOFF,energy_consumption,52,1.4851385395968748
3,FOFF,energy_consumption,53,2.017367473552918
3,FOFF,energy_consumption,54,10.95921374144579
3,FOFF,energy_consumption,55,12.702624328330657
3,FOFF,energy_consumption,56,1.0280204956354653
3,FOFF,energy_consumption,57,1.428181243268403
3,FOFF,energy_consumption,58,2.039500561017087
3,FOFF,energy_consumption,59,4.668375992121519
3,FOFF,energy_consumption,60,10.166330569730247
3,FOFF,energy_consumption,61,0.9333405901322401
3,FOFF,energy_consumption,62,1.5700933966748072
3,FOFF,energy_consumption,63,2.06290255186011
3,FOFF,energy_consumption,64,28.347849934843364
3,FOFF,energy_consumption,65,19.447880443499802
3,FOFF,energy_consumption,66,0.9502943378388281
3,FOFF,energy_consumption,67,1.5541651147193298
3,FOFF,energy_consumption,68,1.972656078208213
3,FOFF,energy_consumption,69,0.6262621243502055
3,FOFF,energy_consumption,70,9.39717675104281
3,FOFF,energy_consumption,71,1.0580296328434236
3,FOFF,energy_consumption,72,1.4189981622704106
3,FOFF,energy_consumption,73,1.9039370117192396
3,FOFF,energy_consumption,74,0.582401750323016
3,FOFF,energy_consumption,75,10.342891590969845
3,FOFF,energy_consumption,76,0.9856185679631199
3,FOFF,energy_consumption,77,1.6170096437851915
3,FOFF,energy_consumption,78,2.071330530013245
3,FOFF,energy_consumption,79,0.6405224713202852
3,FOFF,energy_consumption,80,26.444367369888308
3,FOFF,energy_consumption,81,1.039716312468061
3,FOFF,energy_consumption,82,1.3972336607955802
3,FOFF,energy_consumption,83,2.048602579161599
3,FOFF,energy_consumption,84,0.576629022339577
3,FOFF,energy_consumption,85,19.42925576228186
3,FOFF,energy_consumption,86,1.030095752163705
3,FOFF,energy_consumption,87,1.568806533812994
3,FOFF,energy_consumption,88,1.9151299616766728
3,FOFF,energy_consumption,89,11.40974879369196
3,FOFF,energy_consumption,90,25.645017461537044
3,FOFF,energy_consumption,91,1.0261271587092964
3,FOFF,energy_consumption,92,1.3608344903255465
3,FOFF,energy_consumption,93,1.9889747850379982
3,FOFF,energy_consumption,94,0.5693876768680072
3,FOFF,energy_consumption,95,0.7918242346739554
3,FOFF,energy_consumption,96,0.9366403188661532
3,FOFF,energy_consumption,97,1.4815315345151627
3,FOFF,energy_consumption,98,1.9763775674699589
3,FOFF,energy_consumption,99,0.5406347069724247
3,ROFF,energy_consumption,0,115266.94161637973
3,ROFF,energy_consumption,1,127359.31235692033
3,ROFF,energy_consumption,2,114802.58724270551
3,ROFF,energy_consumption,3,145832.14028848606
3,ROFF,energy_consumption,4,117502.81273518749
3,ROFF,energy_consumption,5,117659.03075722011
3,ROFF,energy_consumption,6,130400.83056481784
3,ROFF,energy_consumption,7,116347.29361202815
3,ROFF,energy_consumption,8,151715.98806488092
3,ROFF,energy_consumption,9,119193.82310663312
3,ROFF,energy_consumption,10,117407.21887254632
3,ROFF,energy_consumption,11,129188.852998051
3,ROFF,energy_consumption,12,115832.90626597377
3,ROFF,energy_consumption,13,152404.30953758158
3,ROFF,energy_consumption,14,111704.00969346309
3,ROFF,energy_consumption,15,116749.28786200317
3,ROFF,energy_consumption,16,127000.78689539386
3,ROFF,energy_consumption,17,115448.74716775016
3,ROFF,energy_consumption,18,155289.3144165484
3,ROFF,energy_consumption,19,113758.98548677146
3,ROFF,energy_consumption,20,119565.91190749977
3,ROFF,energy_consumption,21,127383.32749109862
3,ROFF,energy_consumption,22,118859.117883186
3,ROFF,energy_consumption,23,149966.3958122414
3,ROFF,energy_consumption,24,113832.22373450709
3,ROFF,energy_consumption,25,119775.18383791042
3,ROFF,energy_consumption,26,132463.07747954677
3,ROFF,energy_consumption,27,119582.487713254
3,ROFF,energy_consumption,28,157127.52771099965
3,ROFF,energy_consumption,29,115213.2245568212
3,ROFF,energy_consumption,30,114780.22569639566
3,ROFF,energy_consumption,31,130684.52860759491
3,ROFF,energy_consumption,32,116452.39585667409
3,ROFF,energy_consumption,33,153818.6798685296
3,ROFF,energy_consumption,34,117078.4206244515
3,ROFF,energy_consumption,35,122549.36979402733
3,ROFF,energy_consumption,36,128164.81931635329
3,ROFF,energy_consumption,37,117241.58186702357
3,ROFF,energy_consumption,38,150375.21835386212
3,ROFF,energy_consumption,39,113013.0562642137
3,ROFF,energy_consumption,40,118989.56139477993
3,ROFF,energy_consumption,41,127326.2461362989
3,ROFF,energy_consumption,42,116754.84106929718
3,ROFF,energy_consumption,43,148212.34744525712
3,ROFF,energy_consumption,44,112074.39478407924
3,ROFF,energy_consumption,45,121496.38262933686
3,ROFF,energy_consumption,46,127363.70679662049
3,ROFF,energy_consumption,47,117505.05156691647
3,ROFF,energy_consumption,48,152918.09521495196
3,ROFF,energy_consumption,49,109775.16817352014
3,ROFF,energy_consumption,50,115325.26393295488
3,ROFF,energy_consumption,51,129575.72798031868
3,ROFF,energy_consumption,52,110520.83519054971
3,ROFF,energy_consumption,53,152951.80759119554
3,ROFF,energy_consumption,54,114708.85986768754
3,ROFF,energy_consumption,55,121733.70764267095
3,ROFF,energy_consumption,56,131076.60766756584
3,ROFF,energy_consumption,57,116699.10641777179
3,ROFF,energy_consumption,58,146957.44009370403
3,ROFF,energy_consumption,59,113562.24049578993
3,ROFF,energy_consumption,60,119315.22265837493
3,ROFF,energy_consumption,61,132176.84967024616
3,ROFF,energy_consumption,62,117902.28659096085
3,ROFF,energy_consumption,63,150393.64206643295
3,ROFF,energy_consumption,64,118540.50296581956
3,ROFF,energy_consumption,65,117405.69001771053
3,ROFF,energy_consumption,66,130931.41841476345
3,ROFF,energy_consumption,67,116647.38380918914
3,ROFF,energy_consumption,68,148798.71492075082
3,ROFF,energy_consumption,69,116356.68357533264
3,ROFF,energy_consumption,70,115994.16692202156
3,ROFF,energy_consumption,71,129508.78395812586
3,ROFF,energy_consumption,72,116839.04162370133
3,ROFF,energy_consumption,73,150906.43765858933
3,ROFF,energy_consumption,74,116637.45450019128
3,ROFF,energy_consumption,75,119196.98797032272
3,ROFF,energy_consumption,76,127601.61759089064
3,ROFF,energy_consumption,77,117240.39158072187
3,ROFF,energy_consumption,78,149379.82832450807
3,ROFF,energy_consumption,79,114919.82014873961
3,ROFF,energy_consumption,80,116222.70358638199
3,ROFF,energy_consumption,81,131410.10762951776
3,ROFF,energy_consumption,82,117717.47346021868
3,ROFF,energy_consumption,83,156290.36666136017
3,ROFF,energy_consumption,84,115277.32450772097
3,ROFF,energy_consumption,85,116099.42989745596
3,ROFF,energy_consumption,86,126611.07235243302
3,ROFF,energy_consumption,87,114704.98806162164
3,ROFF,energy_consumption,88,149070.87683845995
3,ROFF,energy_consumption,89,115167.84277499153
3,ROFF,energy_consumption,90,118910.86149915817
3,ROFF,energy_consumption,91,131815.4056445962
3,ROFF,energy_consumption,92,114904.37260637869
3,ROFF,energy_consumption,93,146878.7751242513
3,ROFF,energy_consumption,94,118381.46384082401
3,ROFF,energy_consumption,95,122165.46123364636
3,ROFF,energy_consumption,96,130281.32416082012
3,ROFF,energy_consumption,97,122788.81079576712
3,ROFF,energy_consumption,98,152054.29914477924
3,ROFF,energy_consumption,99,111094.28017606286
3,GTT,energy_consumption,0,31.50099115995206
3,GTT,energy_consumption,1,0.9762288589180084
3,GTT,energy_consumption,2,1.427418067516331
3,GTT,energy_consumption,3,1.980057646314674
3,GTT,energy_consumption,4,37.54474092827479
3,GTT,energy_consumption,5,31.406308596766582
3,GTT,energy_consumption,6,0.9514297636811289
3,GTT,energy_consumption,7,1.5590145915424485
3,GTT,energy_consumption,8,1.8981525449480614
3,GTT,energy_consumption,9,28.866489761809476
3,GTT,energy_consumption,10,32.901739373628324
3,GTT,energy_consumption,11,0.9583575101512948
3,GTT,energy_consumption,12,1.5265311693323829
3,GTT,energy_consumption,13,2.0392227667692264
3,GTT,energy_consumption,14,16.76807544743197
3,GTT,energy_consumption,15,33.3326518685115
3,GTT,energy_consumption,16,0.9451205382784176
3,GTT,energy_consumption,17,1.4822293244793423
3,GTT,energy_consumption,18,1.9010535028549556
3,GTT,energy_consumption,19,11.823857177437485
3,GTT,energy_consumption,20,28.245807436141256
3,GTT,energy_consumption,21,0.9913337430711875
3,GTT,energy_consumption,22,1.4971604158658907
3,GTT,energy_consumption,23,1.8068909439454954
3,GTT,energy_consumption,24,0.5918527617184794
3,GTT,energy_consumption,25,27.775930315835833
3,GTT,energy_consumption,26,0.9418964014654154
3,GTT,energy_consumption,27,1.481894892145304
3,GTT,energy_consumption,28,1.8569471652477023
3,GTT,energy_consumption,29,55.51237445239847
3,GTT,energy_consumption,30,31.411273105888306
3,GTT,energy_consumption,31,1.0568717408786565
3,GTT,energy_consumption,32,1.4885813056366137
3,GTT,energy_consumption,33,1.938547725725248
3,GTT,energy_consumption,34,0.5820795074909145
3,GTT,energy_consumption,35,23.04492144560899
3,GTT,energy_consumption,36,1.0449987532032603
3,GTT,energy_consumption,37,1.5373496874810972
3,GTT,energy_consumption,38,1.8274339743563917
3,GTT,energy_consumption,39,28.938639242521592
3,GTT,energy_consumption,40,32.461917627612834
3,GTT,energy_consumption,41,0.9060778823339989
3,GTT,energy_consumption,42,1.362549986412244
3,GTT,energy_consumption,43,2.0249107633972256
3,GTT,energy_consumption,44,0.5954812601948805
3,GTT,energy_consumption,45,24.305567949846907
3,GTT,energy_consumption,46,25.668105477741417
3,GTT,energy_consumption,47,1.4971900591103862
3,GTT,energy_consumption,48,1.9803256058365784
3,GTT,energy_consumption,49,38.18494282772915
3,GTT,energy_consumption,50,21.478319306127897
3,GTT,energy_consumption,51,1.0290673794509821
3,GTT,energy_consumption,52,1.4770997500888075
3,GTT,energy_consumption,53,2.0107384301783697
3,GTT,energy_consumption,54,8.743440627385509
3,GTT,energy_consumption,55,29.298232583921965
3,GTT,energy_consumption,56,0.9715336188678223
3,GTT,energy_consumption,57,1.5535502524316436
3,GTT,energy_consumption,58,1.9138567869018102
3,GTT,energy_consumption,59,24.876832747198087
3,GTT,energy_consumption,60,27.280704747915227
3,GTT,energy_consumption,61,1.0192980814698542
3,GTT,energy_consumption,62,1.6312361645759283
3,GTT,energy_consumption,63,2.0464483226533665
3,GTT,energy_consumption,64,39.99612251780531
3,GTT,energy_consumption,65,45.44854118497048
3,GTT,energy_consumption,66,1.0108822081480182
3,GTT,energy_consumption,67,1.371148004034359
3,GTT,energy_consumption,68,1.8912729695382051
3,GTT,energy_consumption,69,46.845310229159516
3,GTT,energy_consumption,70,30.675467162670802
3,GTT,energy_consumption,71,0.9554523657362972
3,GTT,energy_consumption,72,1.5518240387882578
3,GTT,energy_consumption,73,1.988317780697143
3,GTT,energy_consumption,74,0.5494865556884974
3,GTT,energy_consumption,75,28.56616700116226
3,GTT,energy_consumption,76,0.9913303361231732
3,GTT,energy_consumption,77,1.5456631990174718
3,GTT,energy_consumption,78,1.9316706203346186
3,GTT,energy_consumption,79,24.319791756558057
3,GTT,energy_consumption,80,35.440717749564385
3,GTT,energy_consumption,81,1.0201613521541228
3,GTT,energy_consumption,82,1.5592070185956273
3,GTT,energy_consumption,83,1.894623760805868
3,GTT,energy_consumption,84,18.842840087045534
3,GTT,energy_consumption,85,27.43305649050009
3,GTT,energy_consumption,86,0.998373076906355
3,GTT,energy_consumption,87,1.5190165437349614
3,GTT,energy_consumption,88,2.118026663919775
3,GTT,energy_consumption,89,29.32792304130007
3,GTT,energy_consumption,90,31.467760415156516
3,GTT,energy_consumption,91,0.9606032425110191
3,GTT,energy_consumption,92,1.5938415200331166
3,GTT,energy_consumption,93,2.140300112618856
3,GTT,energy_consumption,94,47.366883914264626
3,GTT,energy_consumption,95,33.69250057033921
3,GTT,energy_consumption,96,1.008802634887375
3,GTT,energy_consumption,97,1.4242834202303265
3,GTT,energy_consumption,98,1.8959402507944023
3,GTT,energy_consumption,99,24.86945394318651
3,FP-Sched,energy_consumption,0,151.45385954838852
3,FP-Sched,energy_consumption,1,234.5877746043454
3,FP-Sched,energy_consumption,2,4407.226824862755
3,FP-Sched,energy_consumption,3,1.9403379068261863
3,FP-Sched,energy_consumption,4,0.5508903107372576
3,FP-Sched,energy_consumption,5,18.92730802927667
3,FP-Sched,energy_consumption,6,0.9747951214899437
3,FP-Sched,energy_consumption,7,3994.899555473756
3,FP-Sched,energy_consumption,8,1.853040791650621
3,FP-Sched,energy_consumption,9,0.5557863685720689
3,FP-Sched,energy_consumption,10,0.8385299924447122
3,FP-Sched,energy_consumption,11,1.0323101224663696
3,FP-Sched,energy_consumption,12,2312.4433409388967
3,FP-Sched,energy_consumption,13,1.96457686607494
3,FP-Sched,energy_consumption,14,0.5474613668089202
3,FP-Sched,energy_consumption,15,0.8271672553068966
3,FP-Sched,energy_consumption,16,1.018593662409618
3,FP-Sched,energy_consumption,17,3586.824511260923
3,FP-Sched,energy_consumption,18,2.039007586398234
3,FP-Sched,energy_consumption,19,0.5686762406396901
3,FP-Sched,energy_consumption,20,0.9002526233106932
3,FP-Sched,energy_consumption,21,0.9326741243987279
3,FP-Sched,energy_consumption,22,2281.6810077083737
3,FP-Sched,energy_consumption,23,2.0707942422479455
3,FP-Sched,energy_consumption,24,0.5983566114815119
3,FP-Sched,energy_consumption,25,0.840731573401053
3,FP-Sched,energy_consumption,26,1.0643927848250887
3,FP-Sched,energy_consumption,27,1536.593455510689
3,FP-Sched,energy_consumption,28,1.9237378204622995
3,FP-Sched,energy_consumption,29,0.5830914263103532
3,FP-Sched,energy_consumption,30,0.8605690943576327
3,FP-Sched,energy_consumption,31,1.0092258813259525
3,FP-Sched,energy_consumption,32,1616.683194534156
3,FP-Sched,energy_consumption,33,2.1049144417393633
3,FP-Sched,energy_consumption,34,0.5575525969314006
3,FP-Sched,energy_consumption,35,0.7775271976024885
3,FP-Sched,energy_consumption,36,1.0944263503529663
3,FP-Sched,energy_consumption,37,1542.7857168033522
3,FP-Sched,energy_consumption,38,2.024634369384255
3,FP-Sched,energy_consumption,39,0.5362711365927069
3,FP-Sched,energy_consumption,40,0.7565698803795686
3,FP-Sched,energy_consumption,41,1.004194297959859
3,FP-Sched,energy_consumption,42,744.6762841929087
3,FP-Sched,energy_consumption,43,2.0678637741241577
3,FP-Sched,energy_consumption,44,0.6272820802282243
3,FP-Sched,energy_consumption,45,0.9123527285914441
3,FP-Sched,energy_consumption,46,0.9510558730305575
3,FP-Sched,energy_consumption,47,1182.1724735773737
3,FP-Sched,energy_consumption,48,2.055390379277292
3,FP-Sched,energy_consumption,49,0.5575552077919789
3,FP-Sched,energy_consumption,50,0.870027922264564
3,FP-Sched,energy_consumption,51,0.9998250886472394
3,FP-Sched,energy_consumption,52,724.7297551224243
3,FP-Sched,energy_consumption,53,2.077320014894781
3,FP-Sched,energy_consumption,54,0.5628497128001859
3,FP-Sched,energy_consumption,55,0.8011008493661378
3,FP-Sched,energy_consumption,56,0.9721166671311493
3,FP-Sched,energy_consumption,57,908.9230606725863
3,FP-Sched,energy_consumption,58,2.1777723904038306
3,FP-Sched,energy_consumption,59,0.5754034441014919
3,FP-Sched,energy_consumption,60,0.8518653065419521
3,FP-Sched,energy_consumption,61,0.9152624403702149
3,FP-Sched,energy_consumption,62,922.4135349345918
3,FP-Sched,energy_consumption,63,1.9841609876588402
3,FP-Sched,energy_consumption,64,0.5633732811728933
3,FP-Sched,energy_consumption,65,0.8202611687570762
3,FP-Sched,energy_consumption,66,1.0591515127790743
3,FP-Sched,energy_consumption,67,123.2097686279023
3,FP-Sched,energy_consumption,68,2.0411239851886025
3,FP-Sched,energy_consumption,69,0.5596901043551044
3,FP-Sched,energy_consumption,70,0.8303507577965017
3,FP-Sched,energy_consumption,71,0.9405648824603003
3,FP-Sched,energy_consumption,72,436.5577037669867
3,FP-Sched,energy_consumption,73,1.8427096492189272
3,FP-Sched,energy_consumption,74,0.534190362337566
3,FP-Sched,energy_consumption,75,0.8416009225458962
3,FP-Sched,energy_consumption,76,1.0276513442419724
3,FP-Sched,energy_consumption,77,201.23232941558126
3,FP-Sched,energy_consumption,78,2.115328062367089
3,FP-Sched,energy_consumption,79,0.6100111596047012
3,FP-Sched,energy_consumption,80,0.8678039380229516
3,FP-Sched,energy_consumption,81,1.005377949845836
3,FP-Sched,energy_consumption,82,286.30103907537836
3,FP-Sched,energy_consumption,83,2.0614944703737557
3,FP-Sched,energy_consumption,84,0.5984787561073212
3,FP-Sched,energy_consumption,85,0.8831664836637592
3,FP-Sched,energy_consumption,86,1.0826544082038938
3,FP-Sched,energy_consumption,87,321.4796148082443
3,FP-Sched,energy_consumption,88,1.9622459712155915
3,FP-Sched,energy_consumption,89,0.5662468063005273
3,FP-Sched,energy_consumption,90,0.8872475109333243
3,FP-Sched,energy_consumption,91,1.095260705997026
3,FP-Sched,energy_consumption,92,117.3114544791084
3,FP-Sched,energy_consumption,93,1.8347376836303548
3,FP-Sched,energy_consumption,94,0.5551595989460981
3,FP-Sched,energy_consumption,95,0.8468046556349269
3,FP-Sched,energy_consumption,96,1.0360348974723368
3,FP-Sched,energy_consumption,97,1.4145700491701565
3,FP-Sched,energy_consumption,98,1.9509598630151643
3,FP-Sched,energy_consumption,99,0.5326353389775245
3,GCF,energy_consumption,0,140993.36167981912
3,GCF,energy_consumption,1,154546.73179271043
3,GCF,energy_consumption,2,138678.2702127172
3,GCF,energy_consumption,3,182394.77590767192
3,GCF,energy_consumption,4,137218.0255814866
3,GCF,energy_consumption,5,139394.82352628562
3,GCF,energy_consumption,6,153260.24770173023
3,GCF,energy_consumption,7,141131.08365533547
3,GCF,energy_consumption,8,182097.72504178758
3,GCF,energy_consumption,9,135757.3852857867
3,GCF,energy_consumption,10,141507.13323996292
3,GCF,energy_consumption,11,159581.6350656614
3,GCF,energy_consumption,12,140356.3582831082
3,GCF,energy_consumption,13,182215.83652232363
3,GCF,energy_consumption,14,138114.71679946905
3,GCF,energy_consumption,15,140802.44912777765
3,GCF,energy_consumption,16,155007.08654537296
3,GCF,energy_consumption,17,138415.3305484015
3,GCF,energy_consumption,18,181889.17154083197
3,GCF,energy_consumption,19,137138.29934952958
3,GCF,energy_consumption,20,139862.81544536076
3,GCF,energy_consumption,21,157709.4346372385
3,GCF,energy_consumption,22,139193.34892589092
3,GCF,energy_consumption,23,182238.14726804337
3,GCF,energy_consumption,24,136793.05667979567
3,GCF,energy_consumption,25,138736.92506079268
3,GCF,energy_consumption,26,152457.65984700006
3,GCF,energy_consumption,27,135837.97952964646
3,GCF,energy_consumption,28,179734.32389251876
3,GCF,energy_consumption,29,141358.7541448582
3,GCF,energy_consumption,30,139719.9571700789
3,GCF,energy_consumption,31,155839.49480196444
3,GCF,energy_consumption,32,137916.565096754
3,GCF,energy_consumption,33,178902.39817122024
3,GCF,energy_consumption,34,137217.0641205872
3,GCF,energy_consumption,35,139656.24877125822
3,GCF,energy_consumption,36,155255.06803955825
3,GCF,energy_consumption,37,140112.65129057557
3,GCF,energy_consumption,38,181029.31029042462
3,GCF,energy_consumption,39,137540.4741539554
3,GCF,energy_consumption,40,141566.53480147084
3,GCF,energy_consumption,41,154487.82269275098
3,GCF,energy_consumption,42,140978.94850941998
3,GCF,energy_consumption,43,182963.44390125168
3,GCF,energy_consumption,44,138618.42030059718
3,GCF,energy_consumption,45,139649.01412460438
3,GCF,energy_consumption,46,155333.003393043
3,GCF,energy_consumption,47,142782.19837227341
3,GCF,energy_consumption,48,181465.45846316178
3,GCF,energy_consumption,49,136979.11816725603
3,GCF,energy_consumption,50,141254.3482114532
3,GCF,energy_consumption,51,155240.39996831043
3,GCF,energy_consumption,52,137786.10959416063
3,GCF,energy_consumption,53,180181.73367761905
3,GCF,energy_consumption,54,140862.2633484917
3,GCF,energy_consumption,55,141440.19519940068
3,GCF,energy_consumption,56,154265.2068547113
3,GCF,energy_consumption,57,137904.59514860302
3,GCF,energy_consumption,58,181873.92213135175
3,GCF,energy_consumption,59,136989.7803469884
3,GCF,energy_consumption,60,141899.98125588614
3,GCF,energy_consumption,61,154504.9173236897
3,GCF,energy_consumption,62,140375.6716437077
3,GCF,energy_consumption,63,182316.39606435335
3,GCF,energy_consumption,64,137731.1585228438
3,GCF,energy_consumption,65,141304.37979745003
3,GCF,energy_consumption,66,152427.563639585
3,GCF,energy_consumption,67,139286.18938044395
3,GCF,energy_consumption,68,181070.59429641705
3,GCF,energy_consumption,69,138125.1230851743
3,GCF,energy_consumption,70,146368.44209397532
3,GCF,energy_consumption,71,152798.9587755798
3,GCF,energy_consumption,72,139130.0012681987
3,GCF,energy_consumption,73,181231.5577106109
3,GCF,energy_consumption,74,138805.21715167956
3,GCF,energy_consumption,75,139475.99612855772
3,GCF,energy_consumption,76,153008.7636887878
3,GCF,energy_consumption,77,141191.02193076027
3,GCF,energy_consumption,78,181468.6208941903
3,GCF,energy_consumption,79,136516.99385702406
3,GCF,energy_consumption,80,139059.99619228105
3,GCF,energy_consumption,81,154246.254786588
3,GCF,energy_consumption,82,138961.9419307011
3,GCF,energy_consumption,83,183904.27453285977
3,GCF,energy_consumption,84,137005.51521986842
3,GCF,energy_consumption,85,138942.9528503885
3,GCF,energy_consumption,86,154526.10777521986
3,GCF,energy_consumption,87,139497.93956196992
3,GCF,energy_consumption,88,182721.04367109996
3,GCF,energy_consumption,89,136489.56516647578
3,GCF,energy_consumption,90,139503.82883818584
3,GCF,energy_consumption,91,152162.51840929582
3,GCF,energy_consumption,92,140783.03601882898
3,GCF,energy_consumption,93,181062.63266833074
3,GCF,energy_consumption,94,137540.59473593344
3,GCF,energy_consumption,95,141627.05749808263
3,GCF,energy_consumption,96,151849.06308870346
3,GCF,energy_consumption,97,139523.89830064203
3,GCF,energy_consumption,98,181322.55853369576
3,GCF,energy_consumption,99,138571.53251382773
3,HOFF,energy_consumption,0,2204.1026214934377
3,HOFF,energy_consumption,1,7379.107618302231
3,HOFF,energy_consumption,2,1.5281347213403473
3,HOFF,energy_consumption,3,2.059798720469138
3,HOFF,energy_consumption,4,5984.751751273782
3,HOFF,energy_consumption,5,2328.32912711605
3,HOFF,energy_consumption,6,7207.93267525013
3,HOFF,energy_consumption,7,1.5869539820627534
3,HOFF,energy_consumption,8,1.9804113105915997
3,HOFF,energy_consumption,9,6020.804776093241
3,HOFF,energy_consumption,10,2180.0345958399685
3,HOFF,energy_consumption,11,7010.061950108996
3,HOFF,energy_consumption,12,1.4624602268807882
3,HOFF,energy_consumption,13,1.9127587734304794
3,HOFF,energy_consumption,14,6548.147023948879
3,HOFF,energy_consumption,15,2331.7513314880903
3,HOFF,energy_consumption,16,7440.696216973563
3,HOFF,energy_consumption,17,1.5220154482335082
3,HOFF,energy_consumption,18,2.1252976770722762
3,HOFF,energy_consumption,19,6066.06547520274
3,HOFF,energy_consumption,20,1914.4782924822998
3,HOFF,energy_consumption,21,6837.646014195669
3,HOFF,energy_consumption,22,1.4930548163061688
3,HOFF,energy_consumption,23,1.8642539807980547
3,HOFF,energy_consumption,24,5986.123209431678
3,HOFF,energy_consumption,25,2263.716866090858
3,HOFF,energy_consumption,26,7103.540702804299
3,HOFF,energy_consumption,27,1.5030918998917497
3,HOFF,energy_consumption,28,1.8769150125009384
3,HOFF,energy_consumption,29,5912.283803879013
3,HOFF,energy_consumption,30,2138.5046492899723
3,HOFF,energy_consumption,31,7151.334919317562
3,HOFF,energy_consumption,32,1.461280032061179
3,HOFF,energy_consumption,33,1.8944360856007145
3,HOFF,energy_consumption,34,5868.873916263144
3,HOFF,energy_consumption,35,2050.565846957021
3,HOFF,energy_consumption,36,7028.517753987636
3,HOFF,energy_consumption,37,1.4998371998949147
3,HOFF,energy_consumption,38,1.9887941611100988
3,HOFF,energy_consumption,39,6156.89131978026
3,HOFF,energy_consumption,40,2209.650069305045
3,HOFF,energy_consumption,41,6948.007836556178
3,HOFF,energy_consumption,42,1.4613512707539382
3,HOFF,energy_consumption,43,2.1042597607234943
3,HOFF,energy_consumption,44,6268.77970257988
3,HOFF,energy_consumption,45,2217.853133835004
3,HOFF,energy_consumption,46,7560.104858547283
3,HOFF,energy_consumption,47,1.6462678777937272
3,HOFF,energy_consumption,48,1.8807119924838114
3,HOFF,energy_consumption,49,5760.9630809962355
3,HOFF,energy_consumption,50,2144.067380548324
3,HOFF,energy_consumption,51,6745.373062399006
3,HOFF,energy_consumption,52,1.3243186387974093
3,HOFF,energy_consumption,53,1.9101004239032275
3,HOFF,energy_consumption,54,5984.7459182674465
3,HOFF,energy_consumption,55,2176.8627631664253
3,HOFF,energy_consumption,56,7559.848511360538
3,HOFF,energy_consumption,57,1.4317081197314672
3,HOFF,energy_consumption,58,2.1603075858467062
3,HOFF,energy_consumption,59,5948.775576135687
3,HOFF,energy_consumption,60,2222.7456179244077
3,HOFF,energy_consumption,61,7037.744471610451
3,HOFF,energy_consumption,62,1.4609060421932745
3,HOFF,energy_consumption,63,2.1286028301713067
3,HOFF,energy_consumption,64,6009.712555655002
3,HOFF,energy_consumption,65,2130.957107600834
3,HOFF,energy_consumption,66,7553.563413303393
3,HOFF,energy_consumption,67,1.5146627408311129
3,HOFF,energy_consumption,68,1.8475265590035903
3,HOFF,energy_consumption,69,6192.940109051082
3,HOFF,energy_consumption,70,2237.6645589392833
3,HOFF,energy_consumption,71,7608.942206293795
3,HOFF,energy_consumption,72,1.4449670637731808
3,HOFF,energy_consumption,73,2.038409090756754
3,HOFF,energy_consumption,74,6011.541000177297
3,HOFF,energy_consumption,75,2087.7584389928143
3,HOFF,energy_consumption,76,6916.819574791304
3,HOFF,energy_consumption,77,1.495057257831175
3,HOFF,energy_consumption,78,1.9550633903376107
3,HOFF,energy_consumption,79,6127.89262228696
3,HOFF,energy_consumption,80,2312.080359302945
3,HOFF,energy_consumption,81,6764.112668653275
3,HOFF,energy_consumption,82,1.5317541619163222
3,HOFF,energy_consumption,83,1.8837244944806697
3,HOFF,energy_consumption,84,6397.695863704806
3,HOFF,energy_consumption,85,2190.230275940221
3,HOFF,energy_consumption,86,6862.324599011916
3,HOFF,energy_consumption,87,1.3355539185113536
3,HOFF,energy_consumption,88,1.8958220936645254
3,HOFF,energy_consumption,89,5385.2463882941975
3,HOFF,energy_consumption,90,2199.574121855719
3,HOFF,energy_consumption,91,6525.287869945813
3,HOFF,energy_consumption,92,1.5940242336694752
3,HOFF,energy_consumption,93,1.9687652951204575
3,HOFF,energy_consumption,94,6184.986241795222
3,HOFF,energy_consumption,95,2229.010933517071
3,HOFF,energy_consumption,96,6922.827892020276
3,HOFF,energy_consumption,97,1.5059944097053886
3,HOFF,energy_consumption,98,1.8988040135131874
3,HOFF,energy_consumption,99,5925.714387049052
3,PSOFF,energy_consumption,0,0.8448264367793167
3,PSOFF,energy_consumption,1,1.021095754469362
3,PSOFF,energy_consumption,2,1.4346934792250496
3,PSOFF,energy_consumption,3,1.9250694977506841
3,PSOFF,energy_consumption,4,0.5159439498404904
3,PSOFF,energy_consumption,5,11.480541985252444
3,PSOFF,energy_consumption,6,1.021077622991029
3,PSOFF,energy_consumption,7,1.512938668134605
3,PSOFF,energy_consumption,8,1.9106134914722608
3,PSOFF,energy_consumption,9,9.244293157610453
3,PSOFF,energy_consumption,10,0.8350211718487273
3,PSOFF,energy_consumption,11,0.9557966880776348
3,PSOFF,energy_consumption,12,1.5446158232509744
3,PSOFF,energy_consumption,13,1.9368616825641785
3,PSOFF,energy_consumption,14,0.5766905473178474
3,PSOFF,energy_consumption,15,16.996239063642545
3,PSOFF,energy_consumption,16,0.9971308906890929
3,PSOFF,energy_consumption,17,1.5534527968263758
3,PSOFF,energy_consumption,18,1.8651661427398096
3,PSOFF,energy_consumption,19,11.950018988131141
3,PSOFF,energy_consumption,20,14.605184032837844
3,PSOFF,energy_consumption,21,0.9561881024471695
3,PSOFF,energy_consumption,22,1.4175790703446043
3,PSOFF,energy_consumption,23,1.9025037858994622
3,PSOFF,energy_consumption,24,0.5766607343754122
3,PSOFF,energy_consumption,25,19.709491671257034
3,PSOFF,energy_consumption,26,1.0825643901242448
3,PSOFF,energy_consumption,27,1.4683373472577537
3,PSOFF,energy_consumption,28,1.950696941527886
3,PSOFF,energy_consumption,29,0.6065236946542629
3,PSOFF,energy_consumption,30,3.9490774603235406
3,PSOFF,energy_consumption,31,1.0221767822371552
3,PSOFF,energy_consumption,32,1.426940323478446
3,PSOFF,energy_consumption,33,1.873190616666529
3,PSOFF,energy_consumption,34,0.5853540087089815
3,PSOFF,energy_consumption,35,0.8527476786204273
3,PSOFF,energy_consumption,36,1.054698387798416
3,PSOFF,energy_consumption,37,1.4534410406873677
3,PSOFF,energy_consumption,38,2.1843513650237947
3,PSOFF,energy_consumption,39,0.5978276452117317
3,PSOFF,energy_consumption,40,8.222248462697578
3,PSOFF,energy_consumption,41,1.089009798835559
3,PSOFF,energy_consumption,42,1.4353396592516625
3,PSOFF,energy_consumption,43,1.8767986988477612
3,PSOFF,energy_consumption,44,0.5405447008356534
3,PSOFF,energy_consumption,45,0.8045990426910468
3,PSOFF,energy_consumption,46,0.9791385630825212
3,PSOFF,energy_consumption,47,1.5157126958922384
3,PSOFF,energy_consumption,48,2.0140919939128046
3,PSOFF,energy_consumption,49,0.5559288334703364
3,PSOFF,energy_consumption,50,24.053874826319213
3,PSOFF,energy_consumption,51,0.960337670004443
3,PSOFF,energy_consumption,52,1.5598767013073314
3,PSOFF,energy_consumption,53,1.8340256049268475
3,PSOFF,energy_consumption,54,7.969640366889935
3,PSOFF,energy_consumption,55,13.215398237430561
3,PSOFF,energy_consumption,56,0.9466089281564559
3,PSOFF,energy_consumption,57,1.6057495480831971
3,PSOFF,energy_consumption,58,2.0576957665887816
3,PSOFF,energy_consumption,59,4.132636580271684
3,PSOFF,energy_consumption,60,9.58175976994503
3,PSOFF,energy_consumption,61,1.015826318617275
3,PSOFF,energy_consumption,62,1.6194188046513216
3,PSOFF,energy_consumption,63,2.15619533799182
3,PSOFF,energy_consumption,64,14.570373157282292
3,PSOFF,energy_consumption,65,0.8866869657966403
3,PSOFF,energy_consumption,66,0.8805809437074436
3,PSOFF,energy_consumption,67,1.686687845572831
3,PSOFF,energy_consumption,68,1.951673321554494
3,PSOFF,energy_consumption,69,0.55452107398374
3,PSOFF,energy_consumption,70,21.05840632082616
3,PSOFF,energy_consumption,71,0.908319758581017
3,PSOFF,energy_consumption,72,1.502780133531768
3,PSOFF,energy_consumption,73,1.95077149123498
3,PSOFF,energy_consumption,74,0.49442561025847953
3,PSOFF,energy_consumption,75,14.916030630416941
3,PSOFF,energy_consumption,76,0.9461910036186237
3,PSOFF,energy_consumption,77,1.567249823334598
3,PSOFF,energy_consumption,78,1.874831917580522
3,PSOFF,energy_consumption,79,0.5910966300812159
3,PSOFF,energy_consumption,80,22.517962046425584
3,PSOFF,energy_consumption,81,1.0204867788487153
3,PSOFF,energy_consumption,82,1.4554551431297968
3,PSOFF,energy_consumption,83,2.097355126709796
3,PSOFF,energy_consumption,84,0.6186142347269302
3,PSOFF,energy_consumption,85,0.8412889280547662
3,PSOFF,energy_consumption,86,0.9441781656651073
3,PSOFF,energy_consumption,87,1.4666760305945927
3,PSOFF,energy_consumption,88,1.974216191927192
3,PSOFF,energy_consumption,89,0.5905787627272975
3,PSOFF,energy_consumption,90,18.11277329424654
3,PSOFF,energy_consumption,91,0.9667497378367899
3,PSOFF,energy_consumption,92,1.6235829896266227
3,PSOFF,energy_consumption,93,2.004368184999153
3,PSOFF,energy_consumption,94,0.5848653762730363
3,PSOFF,energy_consumption,95,10.15522656189886
3,PSOFF,energy_consumption,96,0.9996517273541305
3,PSOFF,energy_consumption,97,1.5538790133263218
3,PSOFF,energy_consumption,98,1.9577059100751129
3,PSOFF,energy_consumption,99,0.5785187663282562
3,FOFF,processed_time,0,15.972928599999994
3,FOFF,processed_time,1,17.927109800000004
3,FOFF,processed_time,2,26.50077460000001
3,FOFF,processed_time,3,32.98263739999998
3,FOFF,processed_time,4,11.656203600000023
3,FOFF,processed_time,5,17.090838915170114
3,FOFF,processed_time,6,18.158280800000018
3,FOFF,processed_time,7,26.297479200000023
3,FOFF,processed_time,8,32.51009820000006
3,FOFF,processed_time,9,11.785478999999999
3,FOFF,processed_time,10,16.962437024616307
3,FOFF,processed_time,11,18.11623579999999
3,FOFF,processed_time,12,26.037770600000012
3,FOFF,processed_time,13,33.23972679999997
3,FOFF,processed_time,14,11.682664800000026
3,FOFF,processed_time,15,16.499145203747357
3,FOFF,processed_time,16,18.224327199999998
3,FOFF,processed_time,17,26.37962700000006
3,FOFF,processed_time,18,32.88720100000002
3,FOFF,processed_time,19,13.412197556865294
3,FOFF,processed_time,20,18.401523570797814
3,FOFF,processed_time,21,18.12052619999999
3,FOFF,processed_time,22,25.7932192
3,FOFF,processed_time,23,32.74991359999999
3,FOFF,processed_time,24,11.894699599999988
3,FOFF,processed_time,25,16.50301946716566
3,FOFF,processed_time,26,18.037556399999982
3,FOFF,processed_time,27,26.057980800000006
3,FOFF,processed_time,28,33.07015860000003
3,FOFF,processed_time,29,11.9791312
3,FOFF,processed_time,30,16.36022737716022
3,FOFF,processed_time,31,18.321232200000015
3,FOFF,processed_time,32,25.82900159999997
3,FOFF,processed_time,33,32.723292200000046
3,FOFF,processed_time,34,11.827109999999992
3,FOFF,processed_time,35,15.957308599999998
3,FOFF,processed_time,36,18.22931199999998
3,FOFF,processed_time,37,26.21491679999999
3,FOFF,processed_time,38,33.159571199999995
3,FOFF,processed_time,39,11.613931200000009
3,FOFF,processed_time,40,16.95701187494638
3,FOFF,processed_time,41,18.08630179999999
3,FOFF,processed_time,42,25.670427599999996
3,FOFF,processed_time,43,32.9126754
3,FOFF,processed_time,44,11.774852799999996
3,FOFF,processed_time,45,16.142505492791734
3,FOFF,processed_time,46,18.146871000000004
3,FOFF,processed_time,47,26.384925199999994
3,FOFF,processed_time,48,33.0955252
3,FOFF,processed_time,49,11.782773000000008
3,FOFF,processed_time,50,16.050509450786826
3,FOFF,processed_time,51,18.146359800000006
3,FOFF,processed_time,52,25.866868799999985
3,FOFF,processed_time,53,33.00634800000003
3,FOFF,processed_time,54,12.565802199172998
3,FOFF,processed_time,55,17.725690020320396
3,FOFF,processed_time,56,18.10590760000001
3,FOFF,processed_time,57,26.106265800000028
3,FOFF,processed_time,58,33.19190920000001
3,FOFF,processed_time,59,12.761715756162882
3,FOFF,processed_time,60,17.354328501570613
3,FOFF,processed_time,61,18.026938200000007
3,FOFF,processed_time,62,25.956013800000047
3,FOFF,processed_time,63,32.98588419999998
3,FOFF,processed_time,64,13.660798118654174
3,FOFF,processed_time,65,18.306990850498497
3,FOFF,processed_time,66,18.082796200000022
3,FOFF,processed_time,67,25.984642599999965
3,FOFF,processed_time,68,32.83993819999997
3,FOFF,processed_time,69,11.62966080000002
3,FOFF,processed_time,70,16.424064358813954
3,FOFF,processed_time,71,17.834148799999976
3,FOFF,processed_time,72,26.069845400000023
3,FOFF,processed_time,73,33.18787939999995
3,FOFF,processed_time,74,11.705434000000002
3,FOFF,processed_time,75,17.455828400180664
3,FOFF,processed_time,76,17.916541799999994
3,FOFF,processed_time,77,26.321368800000023
3,FOFF,processed_time,78,32.93727780000001
3,FOFF,processed_time,79,11.85154020000001
3,FOFF,processed_time,80,16.37757014889188
3,FOFF,processed_time,81,18.14990900000003
3,FOFF,processed_time,82,26.081660199999995
3,FOFF,processed_time,83,33.36415860000002
3,FOFF,processed_time,84,11.726288199999999
3,FOFF,processed_time,85,17.31321482248145
3,FOFF,processed_time,86,18.093427
3,FOFF,processed_time,87,25.896083799999982
3,FOFF,processed_time,88,32.93931600000005
3,FOFF,processed_time,89,13.2801504138905
3,FOFF,processed_time,90,18.61651178018828
3,FOFF,processed_time,91,18.119896200000014
3,FOFF,processed_time,92,26.196622400000027
3,FOFF,processed_time,93,33.127180599999974
3,FOFF,processed_time,94,11.730763800000004
3,FOFF,processed_time,95,15.869082999999986
3,FOFF,processed_time,96,17.98978060000002
3,FOFF,processed_time,97,26.18213120000003
3,FOFF,processed_time,98,32.8032546
3,FOFF,processed_time,99,11.533346600000005
3,ROFF,processed_time,0,14969.01488489017
3,ROFF,processed_time,1,16237.784765101773
3,ROFF,processed_time,2,14986.400505001686
3,ROFF,processed_time,3,19614.948830088677
3,ROFF,processed_time,4,15614.91680626178
3,ROFF,processed_time,5,15794.661702008418
3,ROFF,processed_time,6,17044.599896426003
3,ROFF,processed_time,7,14943.069398189427
3,ROFF,processed_time,8,19608.20248145994
3,ROFF,processed_time,9,15706.429097621352
3,ROFF,processed_time,10,15512.951027363033
3,ROFF,processed_time,11,16589.836615172004
3,ROFF,processed_time,12,15106.526905782643
3,ROFF,processed_time,13,19957.03211133414
3,ROFF,processed_time,14,14535.837348088085
3,ROFF,processed_time,15,15322.799992621061
3,ROFF,processed_time,16,16545.425776087337
3,ROFF,processed_time,17,15238.19997716055
3,ROFF,processed_time,18,20276.461206514497
3,ROFF,processed_time,19,14925.321589764344
3,ROFF,processed_time,20,15502.915062788708
3,ROFF,processed_time,21,16764.718174790643
3,ROFF,processed_time,22,15244.978391422477
3,ROFF,processed_time,23,20086.112688591027
3,ROFF,processed_time,24,15390.505097347865
3,ROFF,processed_time,25,15460.230368837543
3,ROFF,processed_time,26,17413.52227059198
3,ROFF,processed_time,27,15679.127853761982
3,ROFF,processed_time,28,20700.738266919067
3,ROFF,processed_time,29,15134.335469573438
3,ROFF,processed_time,30,14905.252533637751
3,ROFF,processed_time,31,17181.865904154278
3,ROFF,processed_time,32,15164.302565382788
3,ROFF,processed_time,33,19815.648151386533
3,ROFF,processed_time,34,15427.670340107148
3,ROFF,processed_time,35,15786.102537249662
3,ROFF,processed_time,36,16508.755405104395
3,ROFF,processed_time,37,15104.22985563587
3,ROFF,processed_time,38,19537.818846731796
3,ROFF,processed_time,39,14863.529854659237
3,ROFF,processed_time,40,15547.373399884924
3,ROFF,processed_time,41,16727.705167174227
3,ROFF,processed_time,42,14709.257373910661
3,ROFF,processed_time,43,19314.6328063591
3,ROFF,processed_time,44,14762.5174402426
3,ROFF,processed_time,45,15678.922243098523
3,ROFF,processed_time,46,16702.9808519314
3,ROFF,processed_time,47,15555.461903145775
3,ROFF,processed_time,48,20114.440790784596
3,ROFF,processed_time,49,14400.67278770572
3,ROFF,processed_time,50,15050.242689513292
3,ROFF,processed_time,51,16933.768593266952
3,ROFF,processed_time,52,14383.37951494735
3,ROFF,processed_time,53,19883.972118522986
3,ROFF,processed_time,54,15212.081867533387
3,ROFF,processed_time,55,15607.925386279248
3,ROFF,processed_time,56,17180.972296926244
3,ROFF,processed_time,57,15449.695408088266
3,ROFF,processed_time,58,19186.77738279374
3,ROFF,processed_time,59,15227.073048785269
3,ROFF,processed_time,60,15570.895603114992
3,ROFF,processed_time,61,17040.343324629917
3,ROFF,processed_time,62,15300.600815387234
3,ROFF,processed_time,63,19660.04029995182
3,ROFF,processed_time,64,15268.618382179584
3,ROFF,processed_time,65,15038.057296929359
3,ROFF,processed_time,66,17338.389811803438
3,ROFF,processed_time,67,15478.764563281511
3,ROFF,processed_time,68,19195.67623134438
3,ROFF,processed_time,69,14853.083190731304
3,ROFF,processed_time,70,15107.953463488342
3,ROFF,processed_time,71,17016.337766343007
3,ROFF,processed_time,72,14977.555515461634
3,ROFF,processed_time,73,19667.00088802346
3,ROFF,processed_time,74,15200.354897703015
3,ROFF,processed_time,75,15335.164388560755
3,ROFF,processed_time,76,16881.91227136482
3,ROFF,processed_time,77,15201.419026156524
3,ROFF,processed_time,78,19849.390400402885
3,ROFF,processed_time,79,14914.199900362239
3,ROFF,processed_time,80,15134.394696108193
3,ROFF,processed_time,81,17098.173145421297
3,ROFF,processed_time,82,15022.000965830051
3,ROFF,processed_time,83,20092.469773295048
3,ROFF,processed_time,84,15045.385867562918
3,ROFF,processed_time,85,15386.063756026999
3,ROFF,processed_time,86,16547.25639797367
3,ROFF,processed_time,87,15231.65980473697
3,ROFF,processed_time,88,19816.11990925491
3,ROFF,processed_time,89,14947.48915455452
3,ROFF,processed_time,90,15616.20462784845
3,ROFF,processed_time,91,17556.187085522397
3,ROFF,processed_time,92,15054.081621075533
3,ROFF,processed_time,93,19021.299173805975
3,ROFF,processed_time,94,15037.614082235737
3,ROFF,processed_time,95,16029.465742205826
3,ROFF,processed_time,96,17040.52097726889
3,ROFF,processed_time,97,15960.50365701975
3,ROFF,processed_time,98,19834.45491846351
3,ROFF,processed_time,99,14666.676423581837
3,GTT,processed_time,0,16.583446812690006
3,GTT,processed_time,1,17.927109800000004
3,GTT,processed_time,2,26.50077460000001
3,GTT,processed_time,3,32.98263739999998
3,GTT,processed_time,4,13.47174924656979
3,GTT,processed_time,5,17.31795031780836
3,GTT,processed_time,6,18.158280800000018
3,GTT,processed_time,7,26.297479200000023
3,GTT,processed_time,8,32.51009820000006
3,GTT,processed_time,9,11.700524811804339
3,GTT,processed_time,10,16.81946018475884
3,GTT,processed_time,11,18.11623579999999
3,GTT,processed_time,12,26.037770600000012
3,GTT,processed_time,13,33.23972679999997
3,GTT,processed_time,14,11.892779532837249
3,GTT,processed_time,15,16.456579727543833
3,GTT,processed_time,16,18.224327199999998
3,GTT,processed_time,17,26.37962700000006
3,GTT,processed_time,18,32.88720100000002
3,GTT,processed_time,19,11.298119380410082
3,GTT,processed_time,20,16.074705151472173
3,GTT,processed_time,21,18.12052619999999
3,GTT,processed_time,22,25.7932192
3,GTT,processed_time,23,32.74991359999999
3,GTT,processed_time,24,11.894699599999988
3,GTT,processed_time,25,16.635155315237633
3,GTT,processed_time,26,18.037556399999982
3,GTT,processed_time,27,26.057980800000006
3,GTT,processed_time,28,33.07015860000003
3,GTT,processed_time,29,15.431679316576199
3,GTT,processed_time,30,16.26834929472332
3,GTT,processed_time,31,18.321232200000015
3,GTT,processed_time,32,25.82900159999997
3,GTT,processed_time,33,32.723292200000046
3,GTT,processed_time,34,11.827109999999992
3,GTT,processed_time,35,16.32053071251783
3,GTT,processed_time,36,18.22931199999998
3,GTT,processed_time,37,26.21491679999999
3,GTT,processed_time,38,33.159571199999995
3,GTT,processed_time,39,12.770471816837313
3,GTT,processed_time,40,17.12300106645919
3,GTT,processed_time,41,18.08630179999999
3,GTT,processed_time,42,25.670427599999996
3,GTT,processed_time,43,32.9126754
3,GTT,processed_time,44,11.774852799999996
3,GTT,processed_time,45,15.960338157191668
3,GTT,processed_time,46,17.89772906465754
3,GTT,processed_time,47,26.384925199999994
3,GTT,processed_time,48,33.0955252
3,GTT,processed_time,49,13.966245225101629
3,GTT,processed_time,50,15.92248253194158
3,GTT,processed_time,51,18.146359800000006
3,GTT,processed_time,52,25.866868799999985
3,GTT,processed_time,53,33.00634800000003
3,GTT,processed_time,54,12.478399566163718
3,GTT,processed_time,55,16.548986975911877
3,GTT,processed_time,56,18.10590760000001
3,GTT,processed_time,57,26.106265800000028
3,GTT,processed_time,58,33.19190920000001
3,GTT,processed_time,59,12.15719554107065
3,GTT,processed_time,60,16.582022942580615
3,GTT,processed_time,61,18.026938200000007
3,GTT,processed_time,62,25.956013800000047
3,GTT,processed_time,63,32.98588419999998
3,GTT,processed_time,64,13.16477973729946
3,GTT,processed_time,65,16.941457091949086
3,GTT,processed_time,66,18.082796200000022
3,GTT,processed_time,67,25.984642599999965
3,GTT,processed_time,68,32.83993819999997
3,GTT,processed_time,69,12.911947454109603
3,GTT,processed_time,70,17.456886071525492
3,GTT,processed_time,71,17.834148799999976
3,GTT,processed_time,72,26.069845400000023
3,GTT,processed_time,73,33.18787939999995
3,GTT,processed_time,74,11.705434000000002
3,GTT,processed_time,75,16.997327292915944
3,GTT,processed_time,76,17.916541799999994
3,GTT,processed_time,77,26.321368800000023
3,GTT,processed_time,78,32.93727780000001
3,GTT,processed_time,79,12.148208499679392
3,GTT,processed_time,80,16.347494020108016
3,GTT,processed_time,81,18.14990900000003
3,GTT,processed_time,82,26.081660199999995
3,GTT,processed_time,83,33.36415860000002
3,GTT,processed_time,84,11.916571408880788
3,GTT,processed_time,85,16.020616721498854
3,GTT,processed_time,86,18.093427
3,GTT,processed_time,87,25.896083799999982
3,GTT,processed_time,88,32.93931600000005
3,GTT,processed_time,89,13.188641868703213
3,GTT,processed_time,90,16.892771826326392
3,GTT,processed_time,91,18.119896200000014
3,GTT,processed_time,92,26.196622400000027
3,GTT,processed_time,93,33.127180599999974
3,GTT,processed_time,94,15.138497077298906
3,GTT,processed_time,95,17.197751392157812
3,GTT,processed_time,96,17.98978060000002
3,GTT,processed_time,97,26.18213120000003
3,GTT,processed_time,98,32.8032546
3,GTT,processed_time,99,12.029929818472567
3,FP-Sched,processed_time,0,32.781934956354974
3,FP-Sched,processed_time,1,41.98890105726079
3,FP-Sched,processed_time,2,604.8106983168897
3,FP-Sched,processed_time,3,32.98263739999998
3,FP-Sched,processed_time,4,11.656203600000023
3,FP-Sched,processed_time,5,18.11697491387025
3,FP-Sched,processed_time,6,18.158280800000018
3,FP-Sched,processed_time,7,562.0085080280712
3,FP-Sched,processed_time,8,32.51009820000006
3,FP-Sched,processed_time,9,11.785478999999999
3,FP-Sched,processed_time,10,15.822537399999979
3,FP-Sched,processed_time,11,18.11623579999999
3,FP-Sched,processed_time,12,334.3631056398641
3,FP-Sched,processed_time,13,33.23972679999997
3,FP-Sched,processed_time,14,11.682664800000026
3,FP-Sched,processed_time,15,15.852898800000006
3,FP-Sched,processed_time,16,18.224327199999998
3,FP-Sched,processed_time,17,486.25385695404407
3,FP-Sched,processed_time,18,32.88720100000002
3,FP-Sched,processed_time,19,11.808101000000008
3,FP-Sched,processed_time,20,15.760221200000009
3,FP-Sched,processed_time,21,18.12052619999999
3,FP-Sched,processed_time,22,302.45331551992854
3,FP-Sched,processed_time,23,32.74991359999999
3,FP-Sched,processed_time,24,11.894699599999988
3,FP-Sched,processed_time,25,15.800799599999994
3,FP-Sched,processed_time,26,18.037556399999982
3,FP-Sched,processed_time,27,201.92521513466198
3,FP-Sched,processed_time,28,33.07015860000003
3,FP-Sched,processed_time,29,11.9791312
3,FP-Sched,processed_time,30,15.837473200000002
3,FP-Sched,processed_time,31,18.321232200000015
3,FP-Sched,processed_time,32,265.61870176876823
3,FP-Sched,processed_time,33,32.723292200000046
3,FP-Sched,processed_time,34,11.827109999999992
3,FP-Sched,processed_time,35,15.957308599999998
3,FP-Sched,processed_time,36,18.22931199999998
3,FP-Sched,processed_time,37,214.46932486313662
3,FP-Sched,processed_time,38,33.159571199999995
3,FP-Sched,processed_time,39,11.613931200000009
3,FP-Sched,processed_time,40,16.143049800000004
3,FP-Sched,processed_time,41,18.08630179999999
3,FP-Sched,processed_time,42,122.24426544879049
3,FP-Sched,processed_time,43,32.9126754
3,FP-Sched,processed_time,44,11.774852799999996
3,FP-Sched,processed_time,45,15.825927599999975
3,FP-Sched,processed_time,46,18.146871000000004
3,FP-Sched,processed_time,47,176.97058614909474
3,FP-Sched,processed_time,48,33.0955252
3,FP-Sched,processed_time,49,11.782773000000008
3,FP-Sched,processed_time,50,15.792582800000016
3,FP-Sched,processed_time,51,18.146359800000006
3,FP-Sched,processed_time,52,109.07022156217815
3,FP-Sched,processed_time,53,33.00634800000003
3,FP-Sched,processed_time,54,11.686591200000004
3,FP-Sched,processed_time,55,15.988456199999968
3,FP-Sched,processed_time,56,18.10590760000001
3,FP-Sched,processed_time,57,146.09769265358383
3,FP-Sched,processed_time,58,33.19190920000001
3,FP-Sched,processed_time,59,11.936742200000005
3,FP-Sched,processed_time,60,16.219891800000024
3,FP-Sched,processed_time,61,18.026938200000007
3,FP-Sched,processed_time,62,137.7306660410587
3,FP-Sched,processed_time,63,32.98588419999998
3,FP-Sched,processed_time,64,11.597799
3,FP-Sched,processed_time,65,15.91179979999999
3,FP-Sched,processed_time,66,18.082796200000022
3,FP-Sched,processed_time,67,43.51131566180646
3,FP-Sched,processed_time,68,32.83993819999997
3,FP-Sched,processed_time,69,11.62966080000002
3,FP-Sched,processed_time,70,15.4269814
3,FP-Sched,processed_time,71,17.834148799999976
3,FP-Sched,processed_time,72,82.7932658564636
3,FP-Sched,processed_time,73,33.18787939999995
3,FP-Sched,processed_time,74,11.705434000000002
3,FP-Sched,processed_time,75,16.109912000000005
3,FP-Sched,processed_time,76,17.916541799999994
3,FP-Sched,processed_time,77,45.566445573249254
3,FP-Sched,processed_time,78,32.93727780000001
3,FP-Sched,processed_time,79,11.85154020000001
3,FP-Sched,processed_time,80,15.811659600000022
3,FP-Sched,processed_time,81,18.14990900000003
3,FP-Sched,processed_time,82,69.68095196046521
3,FP-Sched,processed_time,83,33.36415860000002
3,FP-Sched,processed_time,84,11.726288199999999
3,FP-Sched,processed_time,85,15.894815
3,FP-Sched,processed_time,86,18.093427
3,FP-Sched,processed_time,87,58.097749652565
3,FP-Sched,processed_time,88,32.93931600000005
3,FP-Sched,processed_time,89,11.7726572
3,FP-Sched,processed_time,90,15.75089580000002
3,FP-Sched,processed_time,91,18.119896200000014
3,FP-Sched,processed_time,92,42.1592588773126
3,FP-Sched,processed_time,93,33.127180599999974
3,FP-Sched,processed_time,94,11.730763800000004
3,FP-Sched,processed_time,95,15.869082999999986
3,FP-Sched,processed_time,96,17.98978060000002
3,FP-Sched,processed_time,97,26.18213120000003
3,FP-Sched,processed_time,98,32.8032546
3,FP-Sched,processed_time,99,11.533346600000005
3,GCF,processed_time,0,18037.867115534238
3,GCF,processed_time,1,19936.256854639298
3,GCF,processed_time,2,18051.185311546884
3,GCF,processed_time,3,23489.28089057149
3,GCF,processed_time,4,18001.697768047597
3,GCF,processed_time,5,17891.66557306883
3,GCF,processed_time,6,20426.93558960067
3,GCF,processed_time,7,18039.00962326771
3,GCF,processed_time,8,23150.33151021913
3,GCF,processed_time,9,17979.71211379517
3,GCF,processed_time,10,18360.028105285888
3,GCF,processed_time,11,20003.748534263388
3,GCF,processed_time,12,18220.58804693645
3,GCF,processed_time,13,23715.31112301374
3,GCF,processed_time,14,17962.877922169653
3,GCF,processed_time,15,18181.09191297208
3,GCF,processed_time,16,20072.30004845755
3,GCF,processed_time,17,18300.553216961434
3,GCF,processed_time,18,23507.91959038846
3,GCF,processed_time,19,17757.326037002924
3,GCF,processed_time,20,18212.82255105102
3,GCF,processed_time,21,19901.564030733563
3,GCF,processed_time,22,18156.305333657372
3,GCF,processed_time,23,23578.31162020713
3,GCF,processed_time,24,17926.422735775264
3,GCF,processed_time,25,18184.358625391964
3,GCF,processed_time,26,20295.0982988023
3,GCF,processed_time,27,18161.48774792217
3,GCF,processed_time,28,23739.969744916987
3,GCF,processed_time,29,18291.573026616694
3,GCF,processed_time,30,17951.732790120273
3,GCF,processed_time,31,20039.963811668313
3,GCF,processed_time,32,18017.99228215657
3,GCF,processed_time,33,23939.550165874814
3,GCF,processed_time,34,18154.91439354031
3,GCF,processed_time,35,18092.77489870087
3,GCF,processed_time,36,19835.734351139858
3,GCF,processed_time,37,18105.328582348517
3,GCF,processed_time,38,23692.951770240423
3,GCF,processed_time,39,17820.79272115225
3,GCF,processed_time,40,18127.613667012338
3,GCF,processed_time,41,19894.094059629097
3,GCF,processed_time,42,18034.364465403698
3,GCF,processed_time,43,23774.38279323042
3,GCF,processed_time,44,17858.896918481816
3,GCF,processed_time,45,18331.484760632906
3,GCF,processed_time,46,19850.827284086787
3,GCF,processed_time,47,18220.560202939516
3,GCF,processed_time,48,23445.3417632622
3,GCF,processed_time,49,17966.175382970163
3,GCF,processed_time,50,18015.03766323802
3,GCF,processed_time,51,20097.883728426837
3,GCF,processed_time,52,18012.298802514033
3,GCF,processed_time,53,23551.407235091272
3,GCF,processed_time,54,18030.101157325716
3,GCF,processed_time,55,18500.56258230428
3,GCF,processed_time,56,19869.509935001413
3,GCF,processed_time,57,18134.339955801726
3,GCF,processed_time,58,23790.083995982575
3,GCF,processed_time,59,17743.41634901993
3,GCF,processed_time,60,18390.948617483602
3,GCF,processed_time,61,20148.639944790193
3,GCF,processed_time,62,17914.714147760707
3,GCF,processed_time,63,23517.67384029812
3,GCF,processed_time,64,17873.807016069753
3,GCF,processed_time,65,18042.551883280463
3,GCF,processed_time,66,19894.788338762995
3,GCF,processed_time,67,17945.715857724415
3,GCF,processed_time,68,22974.8128409365
3,GCF,processed_time,69,18123.63816206832
3,GCF,processed_time,70,18492.996607944282
3,GCF,processed_time,71,20293.876537609976
3,GCF,processed_time,72,18108.206152280996
3,GCF,processed_time,73,23378.114778151594
3,GCF,processed_time,74,17936.10674981931
3,GCF,processed_time,75,18234.50345647214
3,GCF,processed_time,76,20026.333906793363
3,GCF,processed_time,77,18365.306439307475
3,GCF,processed_time,78,23445.491766755786
3,GCF,processed_time,79,17957.109877894116
3,GCF,processed_time,80,17950.889282379743
3,GCF,processed_time,81,20604.3338725632
3,GCF,processed_time,82,18046.8851810948
3,GCF,processed_time,83,23778.60440009111
3,GCF,processed_time,84,18099.896875134884
3,GCF,processed_time,85,18303.256415072534
3,GCF,processed_time,86,20204.700916991078
3,GCF,processed_time,87,18060.38347681184
3,GCF,processed_time,88,23306.8753905246
3,GCF,processed_time,89,17971.609055252055
3,GCF,processed_time,90,18178.176783731302
3,GCF,processed_time,91,20006.676870103103
3,GCF,processed_time,92,18177.135881316754
3,GCF,processed_time,93,23329.86778761611
3,GCF,processed_time,94,17854.395407483218
3,GCF,processed_time,95,18154.633206733863
3,GCF,processed_time,96,19939.047800936783
3,GCF,processed_time,97,18005.903657922758
3,GCF,processed_time,98,23253.813417883375
3,GCF,processed_time,99,17743.85256750434
3,HOFF,processed_time,0,302.954052415264
3,HOFF,processed_time,1,959.9886096772293
3,HOFF,processed_time,2,26.50077460000001
3,HOFF,processed_time,3,32.98263739999998
3,HOFF,processed_time,4,800.2156851153642
3,HOFF,processed_time,5,303.473581049865
3,HOFF,processed_time,6,954.7585609991437
3,HOFF,processed_time,7,26.297479200000023
3,HOFF,processed_time,8,32.51009820000006
3,HOFF,processed_time,9,785.4046254610807
3,HOFF,processed_time,10,288.9815828735962
3,HOFF,processed_time,11,935.4806911969999
3,HOFF,processed_time,12,26.037770600000012
3,HOFF,processed_time,13,33.23972679999997
3,HOFF,processed_time,14,824.3572236561107
3,HOFF,processed_time,15,307.09736326437
3,HOFF,processed_time,16,969.8456292738863
3,HOFF,processed_time,17,26.37962700000006
3,HOFF,processed_time,18,32.88720100000002
3,HOFF,processed_time,19,775.7907394849376
3,HOFF,processed_time,20,260.88447076806233
3,HOFF,processed_time,21,900.2442320279831
3,HOFF,processed_time,22,25.7932192
3,HOFF,processed_time,23,32.74991359999999
3,HOFF,processed_time,24,776.780588957492
3,HOFF,processed_time,25,300.1957672961546
3,HOFF,processed_time,26,949.3461561146584
3,HOFF,processed_time,27,26.057980800000006
3,HOFF,processed_time,28,33.07015860000003
3,HOFF,processed_time,29,771.0175345814506
3,HOFF,processed_time,30,297.6438722951068
3,HOFF,processed_time,31,961.4428057237022
3,HOFF,processed_time,32,25.82900159999997
3,HOFF,processed_time,33,32.723292200000046
3,HOFF,processed_time,34,770.2125769304853
3,HOFF,processed_time,35,274.3192295147155
3,HOFF,processed_time,36,915.8235332033387
3,HOFF,processed_time,37,26.21491679999999
3,HOFF,processed_time,38,33.159571199999995
3,HOFF,processed_time,39,764.6767212928036
3,HOFF,processed_time,40,314.6249588213299
3,HOFF,processed_time,41,905.0457503749495
3,HOFF,processed_time,42,25.670427599999996
3,HOFF,processed_time,43,32.9126754
3,HOFF,processed_time,44,762.2765600159771
3,HOFF,processed_time,45,298.92167379984807
3,HOFF,processed_time,46,961.0256253467701
3,HOFF,processed_time,47,26.384925199999994
3,HOFF,processed_time,48,33.0955252
3,HOFF,processed_time,49,757.4457304338102
3,HOFF,processed_time,50,288.5974591754578
3,HOFF,processed_time,51,880.5427801757875
3,HOFF,processed_time,52,25.866868799999985
3,HOFF,processed_time,53,33.00634800000003
3,HOFF,processed_time,54,761.2259142667101
3,HOFF,processed_time,55,295.81803231822283
3,HOFF,processed_time,56,987.5546840281157
3,HOFF,processed_time,57,26.106265800000028
3,HOFF,processed_time,58,33.19190920000001
3,HOFF,processed_time,59,780.4846269099121
3,HOFF,processed_time,60,294.37827626392595
3,HOFF,processed_time,61,929.0912418507284
3,HOFF,processed_time,62,25.956013800000047
3,HOFF,processed_time,63,32.98588419999998
3,HOFF,processed_time,64,760.3636150100037
3,HOFF,processed_time,65,290.08833178180936
3,HOFF,processed_time,66,991.4509670209268
3,HOFF,processed_time,67,25.984642599999965
3,HOFF,processed_time,68,32.83993819999997
3,HOFF,processed_time,69,794.1785869404393
3,HOFF,processed_time,70,301.04189737496597
3,HOFF,processed_time,71,998.0443330990221
3,HOFF,processed_time,72,26.069845400000023
3,HOFF,processed_time,73,33.18787939999995
3,HOFF,processed_time,74,769.8607320780112
3,HOFF,processed_time,75,282.4822509102002
3,HOFF,processed_time,76,896.3191199910716
3,HOFF,processed_time,77,26.321368800000023
3,HOFF,processed_time,78,32.93727780000001
3,HOFF,processed_time,79,793.6049736765398
3,HOFF,processed_time,80,321.50444832251685
3,HOFF,processed_time,81,908.2957415016737
3,HOFF,processed_time,82,26.081660199999995
3,HOFF,processed_time,83,33.36415860000002
3,HOFF,processed_time,84,823.9081407469198
3,HOFF,processed_time,85,294.8729866046595
3,HOFF,processed_time,86,903.3702029744613
3,HOFF,processed_time,87,25.896083799999982
3,HOFF,processed_time,88,32.93931600000005
3,HOFF,processed_time,89,713.5883217705351
3,HOFF,processed_time,90,298.0376584995513
3,HOFF,processed_time,91,863.6335392987589
3,HOFF,processed_time,92,26.196622400000027
3,HOFF,processed_time,93,33.127180599999974
3,HOFF,processed_time,94,802.7276959689154
3,HOFF,processed_time,95,313.96063318958426
3,HOFF,processed_time,96,938.8931143770538
3,HOFF,processed_time,97,26.18213120000003
3,HOFF,processed_time,98,32.8032546
3,HOFF,processed_time,99,771.1384537394937
3,PSOFF,processed_time,0,15.972928599999994
3,PSOFF,processed_time,1,17.927109800000004
3,PSOFF,processed_time,2,26.50077460000001
3,PSOFF,processed_time,3,32.98263739999998
3,PSOFF,processed_time,4,11.656203600000023
3,PSOFF,processed_time,5,17.06132130273092
3,PSOFF,processed_time,6,18.158280800000018
3,PSOFF,processed_time,7,26.297479200000023
3,PSOFF,processed_time,8,32.51009820000006
3,PSOFF,processed_time,9,13.010292515944968
3,PSOFF,processed_time,10,15.822537399999979
3,PSOFF,processed_time,11,18.11623579999999
3,PSOFF,processed_time,12,26.037770600000012
3,PSOFF,processed_time,13,33.23972679999997
3,PSOFF,processed_time,14,11.682664800000026
3,PSOFF,processed_time,15,17.55942344867892
3,PSOFF,processed_time,16,18.224327199999998
3,PSOFF,processed_time,17,26.37962700000006
3,PSOFF,processed_time,18,32.88720100000002
3,PSOFF,processed_time,19,13.781850324847028
3,PSOFF,processed_time,20,17.696360622584926
3,PSOFF,processed_time,21,18.12052619999999
3,PSOFF,processed_time,22,25.7932192
3,PSOFF,processed_time,23,32.74991359999999
3,PSOFF,processed_time,24,11.894699599999988
3,PSOFF,processed_time,25,18.157889235464264
3,PSOFF,processed_time,26,18.037556399999982
3,PSOFF,processed_time,27,26.057980800000006
3,PSOFF,processed_time,28,33.07015860000003
3,PSOFF,processed_time,29,11.9791312
3,PSOFF,processed_time,30,16.36490753417114
3,PSOFF,processed_time,31,18.321232200000015
3,PSOFF,processed_time,32,25.82900159999997
3,PSOFF,processed_time,33,32.723292200000046
3,PSOFF,processed_time,34,11.827109999999992
3,PSOFF,processed_time,35,15.957308599999998
3,PSOFF,processed_time,36,18.22931199999998
3,PSOFF,processed_time,37,26.21491679999999
3,PSOFF,processed_time,38,33.159571199999995
3,PSOFF,processed_time,39,11.613931200000009
3,PSOFF,processed_time,40,17.437580827059023
3,PSOFF,processed_time,41,18.08630179999999
3,PSOFF,processed_time,42,25.670427599999996
3,PSOFF,processed_time,43,32.9126754
3,PSOFF,processed_time,44,11.774852799999996
3,PSOFF,processed_time,45,15.825927599999975
3,PSOFF,processed_time,46,18.146871000000004
3,PSOFF,processed_time,47,26.384925199999994
3,PSOFF,processed_time,48,33.0955252
3,PSOFF,processed_time,49,11.782773000000008
3,PSOFF,processed_time,50,15.818451453751539
3,PSOFF,processed_time,51,18.146359800000006
3,PSOFF,processed_time,52,25.866868799999985
3,PSOFF,processed_time,53,33.00634800000003
3,PSOFF,processed_time,54,12.459177737768572
3,PSOFF,processed_time,55,17.57903550371636
3,PSOFF,processed_time,56,18.10590760000001
3,PSOFF,processed_time,57,26.106265800000028
3,PSOFF,processed_time,58,33.19190920000001
3,PSOFF,processed_time,59,12.425860302328953
3,PSOFF,processed_time,60,17.581771741414332
3,PSOFF,processed_time,61,18.026938200000007
3,PSOFF,processed_time,62,25.956013800000047
3,PSOFF,processed_time,63,32.98588419999998
3,PSOFF,processed_time,64,13.531761191189519
3,PSOFF,processed_time,65,15.91179979999999
3,PSOFF,processed_time,66,18.082796200000022
3,PSOFF,processed_time,67,25.984642599999965
3,PSOFF,processed_time,68,32.83993819999997
3,PSOFF,processed_time,69,11.62966080000002
3,PSOFF,processed_time,70,17.672289243370304
3,PSOFF,processed_time,71,17.834148799999976
3,PSOFF,processed_time,72,26.069845400000023
3,PSOFF,processed_time,73,33.18787939999995
3,PSOFF,processed_time,74,11.705434000000002
3,PSOFF,processed_time,75,18.149522917502317
3,PSOFF,processed_time,76,17.916541799999994
3,PSOFF,processed_time,77,26.321368800000023
3,PSOFF,processed_time,78,32.93727780000001
3,PSOFF,processed_time,79,11.85154020000001
3,PSOFF,processed_time,80,15.806995833131976
3,PSOFF,processed_time,81,18.14990900000003
3,PSOFF,processed_time,82,26.081660199999995
3,PSOFF,processed_time,83,33.36415860000002
3,PSOFF,processed_time,84,11.726288199999999
3,PSOFF,processed_time,85,15.894815
3,PSOFF,processed_time,86,18.093427
3,PSOFF,processed_time,87,25.896083799999982
3,PSOFF,processed_time,88,32.93931600000005
3,PSOFF,processed_time,89,11.7726572
3,PSOFF,processed_time,90,17.99520100942698
3,PSOFF,processed_time,91,18.119896200000014
3,PSOFF,processed_time,92,26.196622400000027
3,PSOFF,processed_time,93,33.127180599999974
3,PSOFF,processed_time,94,11.730763800000004
3,PSOFF,processed_time,95,17.3079372312441
3,PSOFF,processed_time,96,17.98978060000002
3,PSOFF,processed_time,97,26.18213120000003
3,PSOFF,processed_time,98,32.8032546
3,PSOFF,processed_time,99,11.533346600000005
3,FOFF,processed_cycles,0,64864643.0
3,FOFF,processed_cycles,1,74635549.0
3,FOFF,processed_cycles,2,117503873.0
3,FOFF,processed_cycles,3,149913187.0
3,FOFF,processed_cycles,4,43281018.0
3,FOFF,processed_cycles,5,64087887.0
3,FOFF,processed_cycles,6,75791404.0
3,FOFF,processed_cycles,7,116487396.0
3,FOFF,processed_cycles,8,147550491.0
3,FOFF,processed_cycles,9,43927395.0
3,FOFF,processed_cycles,10,64112687.0
3,FOFF,processed_cycles,11,75581179.0
3,FOFF,processed_cycles,12,115188853.0
3,FOFF,processed_cycles,13,151198634.0
3,FOFF,processed_cycles,14,43413324.0
3,FOFF,processed_cycles,15,64264494.0
3,FOFF,processed_cycles,16,76121636.0
3,FOFF,processed_cycles,17,116898135.0
3,FOFF,processed_cycles,18,149436005.0
3,FOFF,processed_cycles,19,44040505.0
3,FOFF,processed_cycles,20,63801106.0
3,FOFF,processed_cycles,21,75602631.0
3,FOFF,processed_cycles,22,113966096.0
3,FOFF,processed_cycles,23,148749568.0
3,FOFF,processed_cycles,24,44473498.0
3,FOFF,processed_cycles,25,64003998.0
3,FOFF,processed_cycles,26,75187782.0
3,FOFF,processed_cycles,27,115289904.0
3,FOFF,processed_cycles,28,150350793.0
3,FOFF,processed_cycles,29,44895656.0
3,FOFF,processed_cycles,30,64187366.0
3,FOFF,processed_cycles,31,76606161.0
3,FOFF,processed_cycles,32,114145008.0
3,FOFF,processed_cycles,33,148616461.0
3,FOFF,processed_cycles,34,44135550.0
3,FOFF,processed_cycles,35,64786543.0
3,FOFF,processed_cycles,36,76146560.0
3,FOFF,processed_cycles,37,116074584.0
3,FOFF,processed_cycles,38,150797856.0
3,FOFF,processed_cycles,39,43069656.0
3,FOFF,processed_cycles,40,65715249.0
3,FOFF,processed_cycles,41,75431509.0
3,FOFF,processed_cycles,42,113352138.0
3,FOFF,processed_cycles,43,149563377.0
3,FOFF,processed_cycles,44,43874264.0
3,FOFF,processed_cycles,45,64129638.0
3,FOFF,processed_cycles,46,75734355.0
3,FOFF,processed_cycles,47,116924626.0
3,FOFF,processed_cycles,48,150477626.0
3,FOFF,processed_cycles,49,43913865.0
3,FOFF,processed_cycles,50,63962914.0
3,FOFF,processed_cycles,51,75731799.0
3,FOFF,processed_cycles,52,114334344.0
3,FOFF,processed_cycles,53,150031740.0
3,FOFF,processed_cycles,54,43432956.0
3,FOFF,processed_cycles,55,64942281.0
3,FOFF,processed_cycles,56,75529538.0
3,FOFF,processed_cycles,57,115531329.0
3,FOFF,processed_cycles,58,150959546.0
3,FOFF,processed_cycles,59,44683711.0
3,FOFF,processed_cycles,60,66099459.0
3,FOFF,processed_cycles,61,75134691.0
3,FOFF,processed_cycles,62,114780069.0
3,FOFF,processed_cycles,63,149929421.0
3,FOFF,processed_cycles,64,42988995.0
3,FOFF,processed_cycles,65,64558999.0
3,FOFF,processed_cycles,66,75413981.0
3,FOFF,processed_cycles,67,114923213.0
3,FOFF,processed_cycles,68,149199691.0
3,FOFF,processed_cycles,69,43148304.0
3,FOFF,processed_cycles,70,62134907.0
3,FOFF,processed_cycles,71,74170744.0
3,FOFF,processed_cycles,72,115349227.0
3,FOFF,processed_cycles,73,150939397.0
3,FOFF,processed_cycles,74,43527170.0
3,FOFF,processed_cycles,75,65549560.0
3,FOFF,processed_cycles,76,74582709.0
3,FOFF,processed_cycles,77,116606844.0
3,FOFF,processed_cycles,78,149686389.0
3,FOFF,processed_cycles,79,44257701.0
3,FOFF,processed_cycles,80,64058298.0
3,FOFF,processed_cycles,81,75749545.0
3,FOFF,processed_cycles,82,115408301.0
3,FOFF,processed_cycles,83,151820793.0
3,FOFF,processed_cycles,84,43631441.0
3,FOFF,processed_cycles,85,64474075.0
3,FOFF,processed_cycles,86,75467135.0
3,FOFF,processed_cycles,87,114480419.0
3,FOFF,processed_cycles,88,149696580.0
3,FOFF,processed_cycles,89,43863286.0
3,FOFF,processed_cycles,90,63754479.0
3,FOFF,processed_cycles,91,75599481.0
3,FOFF,processed_cycles,92,115983112.0
3,FOFF,processed_cycles,93,150635903.0
3,FOFF,processed_cycles,94,43653819.0
3,FOFF,processed_cycles,95,64345415.0
3,FOFF,processed_cycles,96,74948903.0
3,FOFF,processed_cycles,97,115910656.0
3,FOFF,processed_cycles,98,149016273.0
3,FOFF,processed_cycles,99,42666733.0
3,ROFF,processed_cycles,0,64864643.0
3,ROFF,processed_cycles,1,74635549.0
3,ROFF,processed_cycles,2,117503873.0
3,ROFF,processed_cycles,3,149913187.0
3,ROFF,processed_cycles,4,43281018.0
3,ROFF,processed_cycles,5,64087887.0
3,ROFF,processed_cycles,6,75791404.0
3,ROFF,processed_cycles,7,116487396.0
3,ROFF,processed_cycles,8,147550491.0
3,ROFF,processed_cycles,9,43927395.0
3,ROFF,processed_cycles,10,64112687.0
3,ROFF,processed_cycles,11,75581179.0
3,ROFF,processed_cycles,12,115188853.0
3,ROFF,processed_cycles,13,151198634.0
3,ROFF,processed_cycles,14,43413324.0
3,ROFF,processed_cycles,15,64264494.0
3,ROFF,processed_cycles,16,76121636.0
3,ROFF,processed_cycles,17,116898135.0
3,ROFF,processed_cycles,18,149436005.0
3,ROFF,processed_cycles,19,44040505.0
3,ROFF,processed_cycles,20,63801106.0
3,ROFF,processed_cycles,21,75602631.0
3,ROFF,processed_cycles,22,113966096.0
3,ROFF,processed_cycles,23,148749568.0
3,ROFF,processed_cycles,24,44473498.0
3,ROFF,processed_cycles,25,64003998.0
3,ROFF,processed_cycles,26,75187782.0
3,ROFF,processed_cycles,27,115289904.0
3,ROFF,processed_cycles,28,150350793.0
3,ROFF,processed_cycles,29,44895656.0
3,ROFF,processed_cycles,30,64187366.0
3,ROFF,processed_cycles,31,76606161.0
3,ROFF,processed_cycles,32,114145008.0
3,ROFF,processed_cycles,33,148616461.0
3,ROFF,processed_cycles,34,44135550.0
3,ROFF,processed_cycles,35,64786543.0
3,ROFF,processed_cycles,36,76146560.0
3,ROFF,processed_cycles,37,116074584.0
3,ROFF,processed_cycles,38,150797856.0
3,ROFF,processed_cycles,39,43069656.0
3,ROFF,processed_cycles,40,65715249.0
3,ROFF,processed_cycles,41,75431509.0
3,ROFF,processed_cycles,42,113352138.0
3,ROFF,processed_cycles,43,149563377.0
3,ROFF,processed_cycles,44,43874264.0
3,ROFF,processed_cycles,45,64129638.0
3,ROFF,processed_cycles,46,75734355.0
3,ROFF,processed_cycles,47,116924626.0
3,ROFF,processed_cycles,48,150477626.0
3,ROFF,processed_cycles,49,43913865.0
3,ROFF,processed_cycles,50,63962914.0
3,ROFF,processed_cycles,51,75731799.0
3,ROFF,processed_cycles,52,114334344.0
3,ROFF,processed_cycles,53,150031740.0
3,ROFF,processed_cycles,54,43432956.0
3,ROFF,processed_cycles,55,64942281.0
3,ROFF,processed_cycles,56,75529538.0
3,ROFF,processed_cycles,57,115531329.0
3,ROFF,processed_cycles,58,150959546.0
3,ROFF,processed_cycles,59,44683711.0
3,ROFF,processed_cycles,60,66099459.0
3,ROFF,processed_cycles,61,75134691.0
3,ROFF,processed_cycles,62,114780069.0
3,ROFF,processed_cycles,63,149929421.0
3,ROFF,processed_cycles,64,42988995.0
3,ROFF,processed_cycles,65,64558999.0
3,ROFF,processed_cycles,66,75413981.0
3,ROFF,processed_cycles,67,114923213.0
3,ROFF,processed_cycles,68,149199691.0
3,ROFF,processed_cycles,69,43148304.0
3,ROFF,processed_cycles,70,62134907.0
3,ROFF,processed_cycles,71,74170744.0
3,ROFF,processed_cycles,72,115349227.0
3,ROFF,processed_cycles,73,150939397.0
3,ROFF,processed_cycles,74,43527170.0
3,ROFF,processed_cycles,75,65549560.0
3,ROFF,processed_cycles,76,74582709.0
3,ROFF,processed_cycles,77,116606844.0
3,ROFF,processed_cycles,78,149686389.0
3,ROFF,processed_cycles,79,44257701.0
3,ROFF,processed_cycles,80,64058298.0
3,ROFF,processed_cycles,81,75749545.0
3,ROFF,processed_cycles,82,115408301.0
3,ROFF,processed_cycles,83,151820793.0
3,ROFF,processed_cycles,84,43631441.0
3,ROFF,processed_cycles,85,64474075.0
3,ROFF,processed_cycles,86,75467135.0
3,ROFF,processed_cycles,87,114480419.0
3,ROFF,processed_cycles,88,149696580.0
3,ROFF,processed_cycles,89,43863286.0
3,ROFF,processed_cycles,90,63754479.0
3,ROFF,processed_cycles,91,75599481.0
3,ROFF,processed_cycles,92,115983112.0
3,ROFF,processed_cycles,93,150635903.0
3,ROFF,processed_cycles,94,43653819.0
3,ROFF,processed_cycles,95,64345415.0
3,ROFF,processed_cycles,96,74948903.0
3,ROFF,processed_cycles,97,115910656.0
3,ROFF,processed_cycles,98,149016273.0
3,ROFF,processed_cycles,99,42666733.0
3,GTT,processed_cycles,0,64864643.0
3,GTT,processed_cycles,1,74635549.0
3,GTT,processed_cycles,2,117503873.0
3,GTT,processed_cycles,3,149913187.0
3,GTT,processed_cycles,4,43281018.0
3,GTT,processed_cycles,5,64087887.0
3,GTT,processed_cycles,6,75791404.0
3,GTT,processed_cycles,7,116487396.0
3,GTT,processed_cycles,8,147550491.0
3,GTT,processed_cycles,9,43927395.0
3,GTT,processed_cycles,10,64112687.0
3,GTT,processed_cycles,11,75581179.0
3,GTT,processed_cycles,12,115188853.0
3,GTT,processed_cycles,13,151198634.0
3,GTT,processed_cycles,14,43413324.0
3,GTT,processed_cycles,15,64264494.0
3,GTT,processed_cycles,16,76121636.0
3,GTT,processed_cycles,17,116898135.0
3,GTT,processed_cycles,18,149436005.0
3,GTT,processed_cycles,19,44040505.0
3,GTT,processed_cycles,20,63801106.0
3,GTT,processed_cycles,21,75602631.0
3,GTT,processed_cycles,22,113966096.0
3,GTT,processed_cycles,23,148749568.0
3,GTT,processed_cycles,24,44473498.0
3,GTT,processed_cycles,25,64003998.0
3,GTT,processed_cycles,26,75187782.0
3,GTT,processed_cycles,27,115289904.0
3,GTT,processed_cycles,28,150350793.0
3,GTT,processed_cycles,29,44895656.0
3,GTT,processed_cycles,30,64187366.0
3,GTT,processed_cycles,31,76606161.0
3,GTT,processed_cycles,32,114145008.0
3,GTT,processed_cycles,33,148616461.0
3,GTT,processed_cycles,34,44135550.0
3,GTT,processed_cycles,35,64786543.0
3,GTT,processed_cycles,36,76146560.0
3,GTT,processed_cycles,37,116074584.0
3,GTT,processed_cycles,38,150797856.0
3,GTT,processed_cycles,39,43069656.0
3,GTT,processed_cycles,40,65715249.0
3,GTT,processed_cycles,41,75431509.0
3,GTT,processed_cycles,42,113352138.0
3,GTT,processed_cycles,43,149563377.0
3,GTT,processed_cycles,44,43874264.0
3,GTT,processed_cycles,45,64129638.0
3,GTT,processed_cycles,46,75734355.0
3,GTT,processed_cycles,47,116924626.0
3,GTT,processed_cycles,48,150477626.0
3,GTT,processed_cycles,49,43913865.0
3,GTT,processed_cycles,50,63962914.0
3,GTT,processed_cycles,51,75731799.0
3,GTT,processed_cycles,52,114334344.0
3,GTT,processed_cycles,53,150031740.0
3,GTT,processed_cycles,54,43432956.0
3,GTT,processed_cycles,55,64942281.0
3,GTT,processed_cycles,56,75529538.0
3,GTT,processed_cycles,57,115531329.0
3,GTT,processed_cycles,58,150959546.0
3,GTT,processed_cycles,59,44683711.0
3,GTT,processed_cycles,60,66099459.0
3,GTT,processed_cycles,61,75134691.0
3,GTT,processed_cycles,62,114780069.0
3,GTT,processed_cycles,63,149929421.0
3,GTT,processed_cycles,64,42988995.0
3,GTT,processed_cycles,65,64558999.0
3,GTT,processed_cycles,66,75413981.0
3,GTT,processed_cycles,67,114923213.0
3,GTT,processed_cycles,68,149199691.0
3,GTT,processed_cycles,69,43148304.0
3,GTT,processed_cycles,70,62134907.0
3,GTT,processed_cycles,71,74170744.0
3,GTT,processed_cycles,72,115349227.0
3,GTT,processed_cycles,73,150939397.0
3,GTT,processed_cycles,74,43527170.0
3,GTT,processed_cycles,75,65549560.0
3,GTT,processed_cycles,76,74582709.0
3,GTT,processed_cycles,77,116606844.0
3,GTT,processed_cycles,78,149686389.0
3,GTT,processed_cycles,79,44257701.0
3,GTT,processed_cycles,80,64058298.0
3,GTT,processed_cycles,81,75749545.0
3,GTT,processed_cycles,82,115408301.0
3,GTT,processed_cycles,83,151820793.0
3,GTT,processed_cycles,84,43631441.0
3,GTT,processed_cycles,85,64474075.0
3,GTT,processed_cycles,86,75467135.0
3,GTT,processed_cycles,87,114480419.0
3,GTT,processed_cycles,88,149696580.0
3,GTT,processed_cycles,89,43863286.0
3,GTT,processed_cycles,90,63754479.0
3,GTT,processed_cycles,91,75599481.0
3,GTT,processed_cycles,92,115983112.0
3,GTT,processed_cycles,93,150635903.0
3,GTT,processed_cycles,94,43653819.0
3,GTT,processed_cycles,95,64345415.0
3,GTT,processed_cycles,96,74948903.0
3,GTT,processed_cycles,97,115910656.0
3,GTT,processed_cycles,98,149016273.0
3,GTT,processed_cycles,99,42666733.0
3,FP-Sched,processed_cycles,0,64864643.0
3,FP-Sched,processed_cycles,1,74635549.0
3,FP-Sched,processed_cycles,2,117503873.0
3,FP-Sched,processed_cycles,3,149913187.0
3,FP-Sched,processed_cycles,4,43281018.0
3,FP-Sched,processed_cycles,5,64087887.0
3,FP-Sched,processed_cycles,6,75791404.0
3,FP-Sched,processed_cycles,7,116487396.0
3,FP-Sched,processed_cycles,8,147550491.0
3,FP-Sched,processed_cycles,9,43927395.0
3,FP-Sched,processed_cycles,10,64112687.0
3,FP-Sched,processed_cycles,11,75581179.0
3,FP-Sched,processed_cycles,12,115188853.0
3,FP-Sched,processed_cycles,13,151198634.0
3,FP-Sched,processed_cycles,14,43413324.0
3,FP-Sched,processed_cycles,15,64264494.0
3,FP-Sched,processed_cycles,16,76121636.0
3,FP-Sched,processed_cycles,17,116898135.0
3,FP-Sched,processed_cycles,18,149436005.0
3,FP-Sched,processed_cycles,19,44040505.0
3,FP-Sched,processed_cycles,20,63801106.0
3,FP-Sched,processed_cycles,21,75602631.0
3,FP-Sched,processed_cycles,22,113966096.0
3,FP-Sched,processed_cycles,23,148749568.0
3,FP-Sched,processed_cycles,24,44473498.0
3,FP-Sched,processed_cycles,25,64003998.0
3,FP-Sched,processed_cycles,26,75187782.0
3,FP-Sched,processed_cycles,27,115289904.0
3,FP-Sched,processed_cycles,28,150350793.0
3,FP-Sched,processed_cycles,29,44895656.0
3,FP-Sched,processed_cycles,30,64187366.0
3,FP-Sched,processed_cycles,31,76606161.0
3,FP-Sched,processed_cycles,32,114145008.0
3,FP-Sched,processed_cycles,33,148616461.0
3,FP-Sched,processed_cycles,34,44135550.0
3,FP-Sched,processed_cycles,35,64786543.0
3,FP-Sched,processed_cycles,36,76146560.0
3,FP-Sched,processed_cycles,37,116074584.0
3,FP-Sched,processed_cycles,38,150797856.0
3,FP-Sched,processed_cycles,39,43069656.0
3,FP-Sched,processed_cycles,40,65715249.0
3,FP-Sched,processed_cycles,41,75431509.0
3,FP-Sched,processed_cycles,42,113352138.0
3,FP-Sched,processed_cycles,43,149563377.0
3,FP-Sched,processed_cycles,44,43874264.0
3,FP-Sched,processed_cycles,45,64129638.0
3,FP-Sched,processed_cycles,46,75734355.0
3,FP-Sched,processed_cycles,47,116924626.0
3,FP-Sched,processed_cycles,48,150477626.0
3,FP-Sched,processed_cycles,49,43913865.0
3,FP-Sched,processed_cycles,50,63962914.0
3,FP-Sched,processed_cycles,51,75731799.0
3,FP-Sched,processed_cycles,52,114334344.0
3,FP-Sched,processed_cycles,53,150031740.0
3,FP-Sched,processed_cycles,54,43432956.0
3,FP-Sched,processed_cycles,55,64942281.0
3,FP-Sched,processed_cycles,56,75529538.0
3,FP-Sched,processed_cycles,57,115531329.0
3,FP-Sched,processed_cycles,58,150959546.0
3,FP-Sched,processed_cycles,59,44683711.0
3,FP-Sched,processed_cycles,60,66099459.0
3,FP-Sched,processed_cycles,61,75134691.0
3,FP-Sched,processed_cycles,62,114780069.0
3,FP-Sched,processed_cycles,63,149929421.0
3,FP-Sched,processed_cycles,64,42988995.0
3,FP-Sched,processed_cycles,65,64558999.0
3,FP-Sched,processed_cycles,66,75413981.0
3,FP-Sched,processed_cycles,67,114923213.0
3,FP-Sched,processed_cycles,68,149199691.0
3,FP-Sched,processed_cycles,69,43148304.0
3,FP-Sched,processed_cycles,70,62134907.0
3,FP-Sched,processed_cycles,71,74170744.0
3,FP-Sched,processed_cycles,72,115349227.0
3,FP-Sched,processed_cycles,73,150939397.0
3,FP-Sched,processed_cycles,74,43527170.0
3,FP-Sched,processed_cycles,75,65549560.0
3,FP-Sched,processed_cycles,76,74582709.0
3,FP-Sched,processed_cycles,77,116606844.0
3,FP-Sched,processed_cycles,78,149686389.0
3,FP-Sched,processed_cycles,79,44257701.0
3,FP-Sched,processed_cycles,80,64058298.0
3,FP-Sched,processed_cycles,81,75749545.0
3,FP-Sched,processed_cycles,82,115408301.0
3,FP-Sched,processed_cycles,83,151820793.0
3,FP-Sched,processed_cycles,84,43631441.0
3,FP-Sched,processed_cycles,85,64474075.0
3,FP-Sched,processed_cycles,86,75467135.0
3,FP-Sched,processed_cycles,87,114480419.0
3,FP-Sched,processed_cycles,88,149696580.0
3,FP-Sched,processed_cycles,89,43863286.0
3,FP-Sched,processed_cycles,90,63754479.0
3,FP-Sched,processed_cycles,91,75599481.0
3,FP-Sched,processed_cycles,92,115983112.0
3,FP-Sched,processed_cycles,93,150635903.0
3,FP-Sched,processed_cycles,94,43653819.0
3,FP-Sched,processed_cycles,95,64345415.0
3,FP-Sched,processed_cycles,96,74948903.0
3,FP-Sched,processed_cycles,97,115910656.0
3,FP-Sched,processed_cycles,98,149016273.0
3,FP-Sched,processed_cycles,99,42666733.0
3,GCF,processed_cycles,0,64864643.0
3,GCF,processed_cycles,1,74635549.0
3,GCF,processed_cycles,2,117503873.0
3,GCF,processed_cycles,3,149913187.0
3,GCF,processed_cycles,4,43281018.0
3,GCF,processed_cycles,5,64087887.0
3,GCF,processed_cycles,6,75791404.0
3,GCF,processed_cycles,7,116487396.0
3,GCF,processed_cycles,8,147550491.0
3,GCF,processed_cycles,9,43927395.0
3,GCF,processed_cycles,10,64112687.0
3,GCF,processed_cycles,11,75581179.0
3,GCF,processed_cycles,12,115188853.0
3,GCF,processed_cycles,13,151198634.0
3,GCF,processed_cycles,14,43413324.0
3,GCF,processed_cycles,15,64264494.0
3,GCF,processed_cycles,16,76121636.0
3,GCF,processed_cycles,17,116898135.0
3,GCF,processed_cycles,18,149436005.0
3,GCF,processed_cycles,19,44040505.0
3,GCF,processed_cycles,20,63801106.0
3,GCF,processed_cycles,21,75602631.0
3,GCF,processed_cycles,22,113966096.0
3,GCF,processed_cycles,23,148749568.0
3,GCF,processed_cycles,24,44473498.0
3,GCF,processed_cycles,25,64003998.0
3,GCF,processed_cycles,26,75187782.0
3,GCF,processed_cycles,27,115289904.0
3,GCF,processed_cycles,28,150350793.0
3,GCF,processed_cycles,29,44895656.0
3,GCF,processed_cycles,30,64187366.0
3,GCF,processed_cycles,31,76606161.0
3,GCF,processed_cycles,32,114145008.0
3,GCF,processed_cycles,33,148616461.0
3,GCF,processed_cycles,34,44135550.0
3,GCF,processed_cycles,35,64786543.0
3,GCF,processed_cycles,36,76146560.0
3,GCF,processed_cycles,37,116074584.0
3,GCF,processed_cycles,38,150797856.0
3,GCF,processed_cycles,39,43069656.0
3,GCF,processed_cycles,40,65715249.0
3,GCF,processed_cycles,41,75431509.0
3,GCF,processed_cycles,42,113352138.0
3,GCF,processed_cycles,43,149563377.0
3,GCF,processed_cycles,44,43874264.0
3,GCF,processed_cycles,45,64129638.0
3,GCF,processed_cycles,46,75734355.0
3,GCF,processed_cycles,47,116924626.0
3,GCF,processed_cycles,48,150477626.0
3,GCF,processed_cycles,49,43913865.0
3,GCF,processed_cycles,50,63962914.0
3,GCF,processed_cycles,51,75731799.0
3,GCF,processed_cycles,52,114334344.0
3,GCF,processed_cycles,53,150031740.0
3,GCF,processed_cycles,54,43432956.0
3,GCF,processed_cycles,55,64942281.0
3,GCF,processed_cycles,56,75529538.0
3,GCF,processed_cycles,57,115531329.0
3,GCF,processed_cycles,58,150959546.0
3,GCF,processed_cycles,59,44683711.0
3,GCF,processed_cycles,60,66099459.0
3,GCF,processed_cycles,61,75134691.0
3,GCF,processed_cycles,62,114780069.0
3,GCF,processed_cycles,63,149929421.0
3,GCF,processed_cycles,64,42988995.0
3,GCF,processed_cycles,65,64558999.0
3,GCF,processed_cycles,66,75413981.0
3,GCF,processed_cycles,67,114923213.0
3,GCF,processed_cycles,68,149199691.0
3,GCF,processed_cycles,69,43148304.0
3,GCF,processed_cycles,70,62134907.0
3,GCF,processed_cycles,71,74170744.0
3,GCF,processed_cycles,72,115349227.0
3,GCF,processed_cycles,73,150939397.0
3,GCF,processed_cycles,74,43527170.0
3,GCF,processed_cycles,75,65549560.0
3,GCF,processed_cycles,76,74582709.0
3,GCF,processed_cycles,77,116606844.0
3,GCF,processed_cycles,78,149686389.0
3,GCF,processed_cycles,79,44257701.0
3,GCF,processed_cycles,80,64058298.0
3,GCF,processed_cycles,81,75749545.0
3,GCF,processed_cycles,82,115408301.0
3,GCF,processed_cycles,83,151820793.0
3,GCF,processed_cycles,84,43631441.0
3,GCF,processed_cycles,85,64474075.0
3,GCF,processed_cycles,86,75467135.0
3,GCF,processed_cycles,87,114480419.0
3,GCF,processed_cycles,88,149696580.0
3,GCF,processed_cycles,89,43863286.0
3,GCF,processed_cycles,90,63754479.0
3,GCF,processed_cycles,91,75599481.0
3,GCF,processed_cycles,92,115983112.0
3,GCF,processed_cycles,93,150635903.0
3,GCF,processed_cycles,94,43653819.0
3,GCF,processed_cycles,95,64345415.0
3,GCF,processed_cycles,96,74948903.0
3,GCF,processed_cycles,97,115910656.0
3,GCF,processed_cycles,98,149016273.0
3,GCF,processed_cycles,99,42666733.0
3,HOFF,processed_cycles,0,64864643.0
3,HOFF,processed_cycles,1,74635549.0
3,HOFF,processed_cycles,2,117503873.0
3,HOFF,processed_cycles,3,149913187.0
3,HOFF,processed_cycles,4,43281018.0
3,HOFF,processed_cycles,5,64087887.0
3,HOFF,processed_cycles,6,75791404.0
3,HOFF,processed_cycles,7,116487396.0
3,HOFF,processed_cycles,8,147550491.0
3,HOFF,processed_cycles,9,43927395.0
3,HOFF,processed_cycles,10,64112687.0
3,HOFF,processed_cycles,11,75581179.0
3,HOFF,processed_cycles,12,115188853.0
3,HOFF,processed_cycles,13,151198634.0
3,HOFF,processed_cycles,14,43413324.0
3,HOFF,processed_cycles,15,64264494.0
3,HOFF,processed_cycles,16,76121636.0
3,HOFF,processed_cycles,17,116898135.0
3,HOFF,processed_cycles,18,149436005.0
3,HOFF,processed_cycles,19,44040505.0
3,HOFF,processed_cycles,20,63801106.0
3,HOFF,processed_cycles,21,75602631.0
3,HOFF,processed_cycles,22,113966096.0
3,HOFF,processed_cycles,23,148749568.0
3,HOFF,processed_cycles,24,44473498.0
3,HOFF,processed_cycles,25,64003998.0
3,HOFF,processed_cycles,26,75187782.0
3,HOFF,processed_cycles,27,115289904.0
3,HOFF,processed_cycles,28,150350793.0
3,HOFF,processed_cycles,29,44895656.0
3,HOFF,processed_cycles,30,64187366.0
3,HOFF,processed_cycles,31,76606161.0
3,HOFF,processed_cycles,32,114145008.0
3,HOFF,processed_cycles,33,148616461.0
3,HOFF,processed_cycles,34,44135550.0
3,HOFF,processed_cycles,35,64786543.0
3,HOFF,processed_cycles,36,76146560.0
3,HOFF,processed_cycles,37,116074584.0
3,HOFF,processed_cycles,38,150797856.0
3,HOFF,processed_cycles,39,43069656.0
3,HOFF,processed_cycles,40,65715249.0
3,HOFF,processed_cycles,41,75431509.0
3,HOFF,processed_cycles,42,113352138.0
3,HOFF,processed_cycles,43,149563377.0
3,HOFF,processed_cycles,44,43874264.0
3,HOFF,processed_cycles,45,64129638.0
3,HOFF,processed_cycles,46,75734355.0
3,HOFF,processed_cycles,47,116924626.0
3,HOFF,processed_cycles,48,150477626.0
3,HOFF,processed_cycles,49,43913865.0
3,HOFF,processed_cycles,50,63962914.0
3,HOFF,processed_cycles,51,75731799.0
3,HOFF,processed_cycles,52,114334344.0
3,HOFF,processed_cycles,53,150031740.0
3,HOFF,processed_cycles,54,43432956.0
3,HOFF,processed_cycles,55,64942281.0
3,HOFF,processed_cycles,56,75529538.0
3,HOFF,processed_cycles,57,115531329.0
3,HOFF,processed_cycles,58,150959546.0
3,HOFF,processed_cycles,59,44683711.0
3,HOFF,processed_cycles,60,66099459.0
3,HOFF,processed_cycles,61,75134691.0
3,HOFF,processed_cycles,62,114780069.0
3,HOFF,processed_cycles,63,149929421.0
3,HOFF,processed_cycles,64,42988995.0
3,HOFF,processed_cycles,65,64558999.0
3,HOFF,processed_cycles,66,75413981.0
3,HOFF,processed_cycles,67,114923213.0
3,HOFF,processed_cycles,68,149199691.0
3,HOFF,processed_cycles,69,43148304.0
3,HOFF,processed_cycles,70,62134907.0
3,HOFF,processed_cycles,71,74170744.0
3,HOFF,processed_cycles,72,115349227.0
3,HOFF,processed_cycles,73,150939397.0
3,HOFF,processed_cycles,74,43527170.0
3,HOFF,processed_cycles,75,65549560.0
3,HOFF,processed_cycles,76,74582709.0
3,HOFF,processed_cycles,77,116606844.0
3,HOFF,processed_cycles,78,149686389.0
3,HOFF,processed_cycles,79,44257701.0
3,HOFF,processed_cycles,80,64058298.0
3,HOFF,processed_cycles,81,75749545.0
3,HOFF,processed_cycles,82,115408301.0
3,HOFF,processed_cycles,83,151820793.0
3,HOFF,processed_cycles,84,43631441.0
3,HOFF,processed_cycles,85,64474075.0
3,HOFF,processed_cycles,86,75467135.0
3,HOFF,processed_cycles,87,114480419.0
3,HOFF,processed_cycles,88,149696580.0
3,HOFF,processed_cycles,89,43863286.0
3,HOFF,processed_cycles,90,63754479.0
3,HOFF,processed_cycles,91,75599481.0
3,HOFF,processed_cycles,92,115983112.0
3,HOFF,processed_cycles,93,150635903.0
3,HOFF,processed_cycles,94,43653819.0
3,HOFF,processed_cycles,95,64345415.0
3,HOFF,processed_cycles,96,74948903.0
3,HOFF,processed_cycles,97,115910656.0
3,HOFF,processed_cycles,98,149016273.0
3,HOFF,processed_cycles,99,42666733.0
3,PSOFF,processed_cycles,0,64864643.0
3,PSOFF,processed_cycles,1,74635549.0
3,PSOFF,processed_cycles,2,117503873.0
3,PSOFF,processed_cycles,3,149913187.0
3,PSOFF,processed_cycles,4,43281018.0
3,PSOFF,processed_cycles,5,64087887.0
3,PSOFF,processed_cycles,6,75791404.0
3,PSOFF,processed_cycles,7,116487396.0
3,PSOFF,processed_cycles,8,147550491.0
3,PSOFF,processed_cycles,9,43927395.0
3,PSOFF,processed_cycles,10,64112687.0
3,PSOFF,processed_cycles,11,75581179.0
3,PSOFF,processed_cycles,12,115188853.0
3,PSOFF,processed_cycles,13,151198634.0
3,PSOFF,processed_cycles,14,43413324.0
3,PSOFF,processed_cycles,15,64264494.0
3,PSOFF,processed_cycles,16,76121636.0
3,PSOFF,processed_cycles,17,116898135.0
3,PSOFF,processed_cycles,18,149436005.0
3,PSOFF,processed_cycles,19,44040505.0
3,PSOFF,processed_cycles,20,63801106.0
3,PSOFF,processed_cycles,21,75602631.0
3,PSOFF,processed_cycles,22,113966096.0
3,PSOFF,processed_cycles,23,148749568.0
3,PSOFF,processed_cycles,24,44473498.0
3,PSOFF,processed_cycles,25,64003998.0
3,PSOFF,processed_cycles,26,75187782.0
3,PSOFF,processed_cycles,27,115289904.0
3,PSOFF,processed_cycles,28,150350793.0
3,PSOFF,processed_cycles,29,44895656.0
3,PSOFF,processed_cycles,30,64187366.0
3,PSOFF,processed_cycles,31,76606161.0
3,PSOFF,processed_cycles,32,114145008.0
3,PSOFF,processed_cycles,33,148616461.0
3,PSOFF,processed_cycles,34,44135550.0
3,PSOFF,processed_cycles,35,64786543.0
3,PSOFF,processed_cycles,36,76146560.0
3,PSOFF,processed_cycles,37,116074584.0
3,PSOFF,processed_cycles,38,150797856.0
3,PSOFF,processed_cycles,39,43069656.0
3,PSOFF,processed_cycles,40,65715249.0
3,PSOFF,processed_cycles,41,75431509.0
3,PSOFF,processed_cycles,42,113352138.0
3,PSOFF,processed_cycles,43,149563377.0
3,PSOFF,processed_cycles,44,43874264.0
3,PSOFF,processed_cycles,45,64129638.0
3,PSOFF,processed_cycles,46,75734355.0
3,PSOFF,processed_cycles,47,116924626.0
3,PSOFF,processed_cycles,48,150477626.0
3,PSOFF,processed_cycles,49,43913865.0
3,PSOFF,processed_cycles,50,63962914.0
3,PSOFF,processed_cycles,51,75731799.0
3,PSOFF,processed_cycles,52,114334344.0
3,PSOFF,processed_cycles,53,150031740.0
3,PSOFF,processed_cycles,54,43432956.0
3,PSOFF,processed_cycles,55,64942281.0
3,PSOFF,processed_cycles,56,75529538.0
3,PSOFF,processed_cycles,57,115531329.0
3,PSOFF,processed_cycles,58,150959546.0
3,PSOFF,processed_cycles,59,44683711.0
3,PSOFF,processed_cycles,60,66099459.0
3,PSOFF,processed_cycles,61,75134691.0
3,PSOFF,processed_cycles,62,114780069.0
3,PSOFF,processed_cycles,63,149929421.0
3,PSOFF,processed_cycles,64,42988995.0
3,PSOFF,processed_cycles,65,64558999.0
3,PSOFF,processed_cycles,66,75413981.0
3,PSOFF,processed_cycles,67,114923213.0
3,PSOFF,processed_cycles,68,149199691.0
3,PSOFF,processed_cycles,69,43148304.0
3,PSOFF,processed_cycles,70,62134907.0
3,PSOFF,processed_cycles,71,74170744.0
3,PSOFF,processed_cycles,72,115349227.0
3,PSOFF,processed_cycles,73,150939397.0
3,PSOFF,processed_cycles,74,43527170.0
3,PSOFF,processed_cycles,75,65549560.0
3,PSOFF,processed_cycles,76,74582709.0
3,PSOFF,processed_cycles,77,116606844.0
3,PSOFF,processed_cycles,78,149686389.0
3,PSOFF,processed_cycles,79,44257701.0
3,PSOFF,processed_cycles,80,64058298.0
3,PSOFF,processed_cycles,81,75749545.0
3,PSOFF,processed_cycles,82,115408301.0
3,PSOFF,processed_cycles,83,151820793.0
3,PSOFF,processed_cycles,84,43631441.0
3,PSOFF,processed_cycles,85,64474075.0
3,PSOFF,processed_cycles,86,75467135.0
3,PSOFF,processed_cycles,87,114480419.0
3,PSOFF,processed_cycles,88,149696580.0
3,PSOFF,processed_cycles,89,43863286.0
3,PSOFF,processed_cycles,90,63754479.0
3,PSOFF,processed_cycles,91,75599481.0
3,PSOFF,processed_cycles,92,115983112.0
3,PSOFF,processed_cycles,93,150635903.0
3,PSOFF,processed_cycles,94,43653819.0
3,PSOFF,processed_cycles,95,64345415.0
3,PSOFF,processed_cycles,96,74948903.0
3,PSOFF,processed_cycles,97,115910656.0
3,PSOFF,processed_cycles,98,149016273.0
3,PSOFF,processed_cycles,99,42666733.0
